year,cmo_no,cmo_reference,title,category,url,file_size_bytes,page_count,is_ocr_needed,is_corrupted,status
2000,1,"CMO No. 01, Series of 2000",Policies and Guidelines in the Implementation of International Linkages and Twinning Programs,administrative_governance,https://legacy.ched.gov.ph/wp-content/uploads/2017/10/CMO-No.01-s2000.pdf,251932,7,true,false,downloaded
2000,2,"CMO No. 02, Series of 2000",Policies and Standards for Graduate Program in Information Technology,curriculum_program,https://legacy.ched.gov.ph/wp-content/uploads/2017/10/CMO-No.02-s2000.pdf,353666,9,true,false,downloaded
2000,3,"CMO No. 03, Series of 2000",Guidelines in Processing Requests for Official Endorsements from the Commission on Higher Education,administrative_governance,https://legacy.ched.gov.ph/wp-content/uploads/2017/10/CMO-No.03-s2000.pdf,58579,2,true,false,downloaded
2000,4,"CMO No. 04, Series of 2000",Second Annual National Philippine Society of Information Technology Educators (PSITE) Conference – “Empowering The IT Educator”,administrative_governance,https://legacy.ched.gov.ph/wp-content/uploads/2017/10/CMO-No.04-s2000.pdf,44611,1,true,false,downloaded
2000,5,"CMO No. 05, Series of 2000",Collegiate Calendar for Academic Year (AY) 2000-2001,administrative_governance,https://legacy.ched.gov.ph/wp-content/uploads/2017/10/CMO-No.05-s2000.pdf,141787,3,true,false,downloaded
2000,6,"CMO No. 06, Series of 2000",List of Identified Centers of Excellence for Agricultural Education,curriculum_college,https://legacy.ched.gov.ph/wp-content/uploads/2017/10/CMO-No.06-s2000.pdf,100687,2,true,false,downloaded
2000,7,"CMO No. 07, Series of 2000",List of Identified Centers of Development for Excellence (CODs) in Information Technology Education,curriculum_program,https://legacy.ched.gov.ph/wp-content/uploads/2017/10/CMO-No.07-s2000.pdf,88305,2,true,false,downloaded
2000,8,"CMO No. 08, Series of 2000",Selection of the Zonal Research Centers (ZRCs),administrative_governance,https://legacy.ched.gov.ph/wp-content/uploads/2017/10/CMO-No.08-s2000.pdf,152000,4,true,false,downloaded
2000,9,"CMO No. 09, Series of 2000",Implementing Guidelines for the CHED Centers of Excellence (COEs) and Centers of Development (CODs) in Engineering and Architecture,curriculum_college,https://legacy.ched.gov.ph/wp-content/uploads/2017/10/CMO-No.09-s2000.pdf,2158674,60,true,false,downloaded
2000,10,"CMO No. 10, Series of 2000",Implementing Guidelines on the Centers of Excellence (COEs) and Centers of Development (CODs) for Business and Management,curriculum_college,https://legacy.ched.gov.ph/wp-content/uploads/2017/10/CMO-No.10-s2000.pdf,2968259,97,true,false,downloaded
2000,11,"CMO No. 11, Series of 2000",CHED National Games 2000,administrative_governance,https://legacy.ched.gov.ph/wp-content/uploads/2017/10/CMO-No.11-s2000.pdf,38970,1,true,false,downloaded
2000,12,"CMO No. 12, Series of 2000",Zonal/Regional Consultation Conferences on the Medium-Term HRD Master Plan for Higher Education,administrative_governance,https://legacy.ched.gov.ph/wp-content/uploads/2017/10/CMO-No.12-s2000.pdf,124628,3,true,false,downloaded
2000,13,"CMO No. 13, Series of 2000",Syllabi for the BS Marine Transportation (BSMT) and BS Marine Engineering (BSMarE) Programs,curriculum_program,https://legacy.ched.gov.ph/wp-content/uploads/2017/10/CMO-No.13-s2000.pdf,39165,1,true,false,downloaded
2000,14,"CMO No. 14, Series of 2000",Termination of Certificate and Associate Programs in Maritime Education Effective SY 2000-2001,administrative_governance,https://legacy.ched.gov.ph/wp-content/uploads/2017/10/CMO-No.14-s2000.pdf,44659,1,true,false,downloaded
2000,15,"CMO No. 15, Series of 2000",Action on the Completed Academic Requirements (CAR) in the BS Marine Transportation (BSMT) and BS Marine Engineering (BSMarE) Programs Effective SY 2000-2001,curriculum_program,https://legacy.ched.gov.ph/wp-content/uploads/2017/10/CMO-No.15-s2000.pdf,48255,1,true,false,downloaded
2000,16,"CMO No. 16, Series of 2000",Integration of HIV/AIDS Education in the Tertiary Education Curriculum,administrative_governance,https://legacy.ched.gov.ph/wp-content/uploads/2017/10/CMO-No.16-s2000.pdf,119066,4,true,false,downloaded
2000,17,"CMO No. 17, Series of 2000",National Consultative Conference on the Revised Minimum Standards for Agricultural Engineering Program,administrative_governance,https://legacy.ched.gov.ph/wp-content/uploads/2017/10/CMO-No.17-s2000.pdf,44647,1,true,false,downloaded
2000,18,"CMO No. 18, Series of 2000","Implementing Rules and Regulations of the P16 Million Fund Provided for State Universities and Colleges (SUCs) Authorized under R.A. 8760, General Appropriation Act (GAA), FY 2000 for the Upgrading of Information Technology Centers",curriculum_college,https://legacy.ched.gov.ph/wp-content/uploads/2017/10/CMO-No.18-s2000.pdf,133737,3,true,false,downloaded
2000,19,"CMO No. 19, Series of 2000",Amendments to CMO No. 45 Series of 1998 Entitled “Policies and Guidelines in the Implementation of the International Practicum Training Program for HRM/Tourism Students,administrative_governance,https://legacy.ched.gov.ph/wp-content/uploads/2017/10/CMO-No.19-s2000.pdf,388877,11,true,false,downloaded
2000,20,"CMO No. 20, Series of 2000",Annual Regular Collection of Basic Higher Education Data (BHED) for Academic Year (AY) 2000-2001,administrative_governance,https://legacy.ched.gov.ph/wp-content/uploads/2017/10/CMO-No.20-s2000.pdf,130558,3,true,false,downloaded
2000,21,"CMO No. 21, Series of 2000",Proper Implementing of the Policies and Guidelines on the Expanded ROTC Program,administrative_governance,https://legacy.ched.gov.ph/wp-content/uploads/2017/10/CMO-No.21-s2000.pdf,80206,2,true,false,downloaded
2000,22,"CMO No. 22, Series of 2000",New Regulations on the Authentication of School Records for Overseas Filipino Workers in Jordan,administrative_governance,https://legacy.ched.gov.ph/wp-content/uploads/2017/10/CMO-No.22-s2000.pdf,48887,1,true,false,downloaded
2000,23,"CMO No. 23, Series of 2000",Quality Education for Learners with Special Needs,administrative_governance,https://legacy.ched.gov.ph/wp-content/uploads/2017/10/CMO-No.23-s2000.pdf,85848,2,true,false,downloaded
2000,24,"CMO No. 24, Series of 2000",Regional/Sectoral Consultation Conferences on the Updating and Revision of the Long-Term Higher Education Development Plan (LTHEDP): 1996-2005,administrative_governance,https://legacy.ched.gov.ph/wp-content/uploads/2017/10/CMO-No.24-s2000.pdf,68830,2,true,false,downloaded
2000,25,"CMO No. 25, Series of 2000",Implementing Guidelines for the CHED Centers of Excellence (COEs) in Agricultural Education for 2000-2003,curriculum_college,https://legacy.ched.gov.ph/wp-content/uploads/2017/10/CMO-No.25-s2000.pdf,29880,1,true,false,downloaded
2000,26,"CMO No. 26, Series of 2000",Issuance of the Implementing Guidelines on the Transfer of CHED-Supervised Institutions (CSIs) to the Technical Education and Skills Development Authority (TESDA),administrative_governance,https://legacy.ched.gov.ph/wp-content/uploads/2017/10/CMO-No.26-s2000.pdf,176062,4,true,false,downloaded
2000,27,"CMO No. 27, Series of 2000","Issuance of the Implementing Guidelines on the Integration of CHED-Supervised Institutions (CSIs) to State Universities and Colleges (SUCs), Phase II",curriculum_college,https://legacy.ched.gov.ph/wp-content/uploads/2017/10/CMO-No.27-s2000.pdf,483504,13,true,false,downloaded
2000,28,"CMO No. 28, Series of 2000",Submission to CHED of Updated Five-Year Development Plan for SUCs for the Period 2001-2003,curriculum_college,https://legacy.ched.gov.ph/wp-content/uploads/2017/10/CMO-No.28-s2000.pdf,52595,1,true,false,downloaded
2000,29,"CMO No. 29, Series of 2000",National Consultative Conference on the Guidelines for the Administration of National Veterinary Admission Test (NVAT),administrative_governance,https://legacy.ched.gov.ph/wp-content/uploads/2017/10/CMO-No.29-s2000.pdf,49620,1,true,false,downloaded
2000,30,"CMO No. 30, Series of 2000",Higher and Technical Education Week,administrative_governance,https://legacy.ched.gov.ph/wp-content/uploads/2017/10/CMO-No.30-s2000.pdf,66494,1,true,false,downloaded
2000,31,"CMO No. 31, Series of 2000","Continuing Professional Development for Teaching Staff for Regions IX, X, XI, XII and CARAGA",administrative_governance,https://legacy.ched.gov.ph/wp-content/uploads/2017/10/CMO-No.31-s2000.pdf,53520,1,true,false,downloaded
2000,32,"CMO No. 32, Series of 2000","Designation of Cavite State University, Indang, Cavite as Center of Development (COD) for Agriculture and Agricultural Engineering",administrative_governance,https://legacy.ched.gov.ph/wp-content/uploads/2017/10/CMO-No.32-s2000.pdf,40596,1,true,false,downloaded
2000,33,"CMO No. 33, Series of 2000",Consultative Conferences on the Proposed Policies and Standards for Graduate Courses in HuSoCom Disciplines,administrative_governance,https://legacy.ched.gov.ph/wp-content/uploads/2017/10/CMO-No.33-s2000.pdf,58111,1,true,false,downloaded
2000,34,"CMO No. 34, Series of 2000",National Volunteer Month (NVM) Celebration in December of Every Year,administrative_governance,https://legacy.ched.gov.ph/wp-content/uploads/2017/10/CMO-No.34-s2000.pdf,58187,1,true,false,downloaded
2000,35,"CMO No. 35, Series of 2000",Updated Policies and Guidelines on Open Learning and Distance Education,administrative_governance,https://legacy.ched.gov.ph/wp-content/uploads/2017/10/CMO-No.35-s2000.pdf,331839,9,true,false,downloaded
2000,36,"CMO No. 36, Series of 2000",Updated Policies and Standards for Midwifery Education,curriculum_program,https://legacy.ched.gov.ph/wp-content/uploads/2017/10/CMO-No.36-s2000.pdf,1135022,32,true,false,downloaded
2001,1,"CMO 01, Series of 2001",Delegation of Authority to CHED Regional Offices and Other Areas of Concern,administrative_governance,https://legacy.ched.gov.ph/wp-content/uploads/2017/10/CMO-No.01-s2001.pdf,257414,6,true,false,downloaded
2001,2,"CMO No. 02, Series of 2001",Creation of Committees for the 5th National Higher Education Congress,administrative_governance,https://legacy.ched.gov.ph/wp-content/uploads/2017/10/CMO-No.02-s2001.pdf,260180,9,true,false,downloaded
2001,3,"CMO No. 03, Series of 2001","Implementing Rules and Regulations (IRR) for Republic Act 8292, Otherwise Known as an Act Providing for the Uniform Composition and Powers of the Governing Boards, the Manner of Appointment and Term of Office of the President of Chartered State Universities and Colleges, and for Other Purposes",curriculum_college,https://legacy.ched.gov.ph/wp-content/uploads/2017/10/CMO-No.03-s2001.pdf,1084190,19,true,false,downloaded
2001,4,"CMO No. 04, Series of 2001",Revised Guiding Principles and Minimum Standards for the Bachelor of Science in Agricultural Engineering Program,curriculum_program,https://legacy.ched.gov.ph/wp-content/uploads/2017/10/CMO-No.04-s2001.pdf,776797,24,true,false,downloaded
2001,5,"CMO No. 05, Series of 2001",Updated Policies and Standards for Dental Education,curriculum_program,https://legacy.ched.gov.ph/wp-content/uploads/2017/10/CMO-No.05-s2001.pdf,772762,20,true,false,downloaded
2001,6,"CMO No. 06, Series of 2001",Policies and Standards for Radiologic Technology Education,curriculum_program,https://legacy.ched.gov.ph/wp-content/uploads/2017/10/CMO-No.06-s2001.pdf,758910,19,true,false,downloaded
2001,7,"CMO No. 07, Series of 2001","Amendment to CHED Memorandum Order (CMO) No. 39, Series of 1997 Regarding the “Signing Authority” for Documentation of Higher Education Development Fund (HEDF) Expenditures",administrative_governance,https://legacy.ched.gov.ph/wp-content/uploads/2017/10/CMO-No.07-s2001.pdf,75195,2,true,false,downloaded
2001,8,"CMO No. 08, Series of 2001","List of Maritime Institutions Which Have Complied with STCW ’95 Requirements to Supersede the List Under CMO No. 34, s. 1999",administrative_governance,https://legacy.ched.gov.ph/wp-content/uploads/2017/10/CMO-No.08-s2001.pdf,228012,4,true,false,downloaded
2001,9,"CMO No. 09, Series of 2001",Collegiate Calendar for Academic Year (AY) 2001-2002,administrative_governance,https://legacy.ched.gov.ph/wp-content/uploads/2017/10/CMO-No.09-s2001.pdf,166313,3,true,false,downloaded
2001,10,"CMO No. 10, Series of 2001",Implementing Rules and Regulations for the CHED Scholarship Program for the Bright Mindanaoan Muslims,scholarship_student_services,https://legacy.ched.gov.ph/wp-content/uploads/2017/10/CMO-No.10-s2001.pdf,790849,14,true,false,downloaded
2001,11,"CMO No. 11, Series of 2001",Implementing Guidelines for the CHED Special Study Grant Program for the Financially Disadvantaged Students of Region III and Region V”,administrative_governance,https://legacy.ched.gov.ph/wp-content/uploads/2017/10/CMO-No.11-s2001.pdf,118851,3,true,false,downloaded
2001,12,"CMO No. 12, Series of 2001","4th National Higher Education Congress to be held on May 17-18, 2001 at the Manila Midtown Hotel",administrative_governance,https://legacy.ched.gov.ph/wp-content/uploads/2017/10/CMO-No.12-s2001.pdf,80767,2,true,false,downloaded
2001,13,"CMO No. 13, Series of 2001",Philippine Global Youth Service Day (GYSD) Celebration on the 3rd Saturday of April of Every Year,administrative_governance,https://legacy.ched.gov.ph/wp-content/uploads/2017/10/CMO-No.13-s2001.pdf,116606,2,true,false,downloaded
2001,14,"CMO No. 14, Series of 2001","New Guidelines in the Implementation of the Traditional Scholarship Programs, Namely: State Scholarship Program, National Integration Study Grant Program, and Selected Ethnic Group Educational Assistance Program",scholarship_student_services,https://legacy.ched.gov.ph/wp-content/uploads/2017/10/CMO-No.14-s2001.pdf,94697,2,true,false,downloaded
2001,15,"CMO No. 15, Series of 2001",Participation in the 8th National Convention on Statistics (NCS),administrative_governance,https://legacy.ched.gov.ph/wp-content/uploads/2017/10/CMO-No.15-s2001.pdf,60947,1,true,false,downloaded
2001,16,"CMO No. 16, Series of 2001","Public Hearing on the Proposed Revision of CMO No. 60, s. of 1996, Entitled “Updated Policies and Standards for Information Technology (IT) Education",administrative_governance,https://legacy.ched.gov.ph/wp-content/uploads/2017/10/CMO-No.16-s2001.pdf,82536,1,true,false,downloaded
2001,17,"CMO No. 17, Series of 2001",Creation of the Task Force on Agroforestry Education,administrative_governance,https://legacy.ched.gov.ph/wp-content/uploads/2017/10/CMO-No.17-s.2001.pdf,80918,1,true,false,downloaded
2001,18,"CMO No. 18, Series of 2001",Orientation on the Professional Regulation Commission-Board of Agriculture,administrative_governance,https://legacy.ched.gov.ph/wp-content/uploads/2017/10/CMO-No.18-s2001.pdf,123319,2,true,false,downloaded
2001,19,"CMO No. 19, Series of 2001","Additional List of Maritime Institutions which have Fully Complied with STCW ’95 Requirements Pursuant to CMO No. 8, s. 2001",administrative_governance,https://legacy.ched.gov.ph/wp-content/uploads/2017/10/CMO-No.19-s2001.pdf,139805,3,true,false,downloaded
2001,20,"CMO No. 20, Series of 2001",List of Phased-Out Maritime Programs which Failed to Comply with STCW ’95 Requirements Pursuant to,administrative_governance,https://legacy.ched.gov.ph/wp-content/uploads/2017/10/CMO-No.20-s2001.pdf,121085,2,true,false,downloaded
2001,21,"CMO No. 21, Series of 2001","Deletion of Safety 2 – Advanced Safety Courses as Part of the Minimum Requirement for the Maritime Education Under Section 16.2, Article V, Page 3 of the CMO No. 38, s. 1998",administrative_governance,https://legacy.ched.gov.ph/wp-content/uploads/2017/10/CMO-No.21-s2001.pdf,46157,1,true,false,downloaded
2001,22,"CMO No. 22, Series of 2001",Encouraging the Offering of Chinese Language as Part of the Undergraduate Curricula and Ph. D. Graduate Degree Program,curriculum_program,https://legacy.ched.gov.ph/wp-content/uploads/2017/10/CMO-No.22-s2001.pdf,49137,1,true,false,downloaded
2001,23,"CMO No. 23, Series of 2001",ICT Survey of State Universities and Colleges (SUCs) and Centers of Development (CODs) for Information Technology Education,curriculum_program,https://legacy.ched.gov.ph/wp-content/uploads/2017/10/CMO-No.23-s2001.pdf,49118,1,true,false,downloaded
2001,24,"CMO No. 24, Series of 2001",Signing Authority for Expenditures/Disbursements Funded by the Higher Education Development Fund (HEDF),administrative_governance,https://legacy.ched.gov.ph/wp-content/uploads/2017/10/CMO-No.24-s2001.pdf,41603,1,true,false,downloaded
2001,25,"CMO No. 25, Series of 2001",Revised Policies and Standards for Information Technology Education (ITE),curriculum_program,https://legacy.ched.gov.ph/wp-content/uploads/2017/10/CMO-No.25-s2001.pdf,511946,13,true,false,downloaded
2001,26,"CMO No. 26, Series of 2001",Revised Minimum Curriculum Requirement for the Bachelor of Science in Accountancy (BSA),curriculum_program,https://legacy.ched.gov.ph/wp-content/uploads/2017/10/CMO-No.26-s2001.pdf,2271739,55,true,false,downloaded
2001,27,"CMO No. 27, Series of 2001","Revised Policies, Rules and Guidelines for Business and Management Education",administrative_governance,https://legacy.ched.gov.ph/wp-content/uploads/2017/10/CMO-No.27-s2001.pdf,359511,9,true,false,downloaded
2001,28,"CMO No. 28, Series of 2001",Higher Education Data/Information Collection for AY 2001-2002 for Benchmarking Purposes,administrative_governance,https://legacy.ched.gov.ph/wp-content/uploads/2017/10/CMO-No.28-s2001.pdf,105028,2,true,false,downloaded
2001,29,"CMO No. 29, Series of 2001",Policies and Procedures for the Identification Support and Development of Centers of Excellence (COEs) and Centers for Development (CODs) in Maritime Education,curriculum_college,https://legacy.ched.gov.ph/wp-content/uploads/2017/11/CMO-No.29-s2001.pdf,469423,13,true,false,downloaded
2001,30,"CMO No. 30, Series of 2001",Updated Policies and Standards for Nursing Education,curriculum_program,https://legacy.ched.gov.ph/wp-content/uploads/2017/11/CMO-No.30-s2001.pdf,1327943,38,true,false,downloaded
2001,31,"CMO No. 31, Series of 2001",Revised Minimum Curriculum Requirement for the Bachelor of Science in Hotel and Restaurant Management/Tourism (BSHRM/Tourism),curriculum_program,https://legacy.ched.gov.ph/wp-content/uploads/2017/11/CMO-No.31-s2001.pdf,409765,13,true,false,downloaded
2001,32,"CMO No. 32, Series of 2001",Grant of Autonomy and Deregulated Status to Selected Higher Education Institutions with Benefits Accruing Thereto,curriculum_college,https://legacy.ched.gov.ph/wp-content/uploads/2017/11/CMO-No.32-s2001.pdf,304516,6,true,false,downloaded
2001,33,"CMO No. 33, Series of 2001",Authoring Director Thelma M. de Guzman to Act on Disbursement Vouchers and Checks of the HEDF,administrative_governance,https://legacy.ched.gov.ph/wp-content/uploads/2017/11/CMO-No.33-s2001.pdf,33286,1,true,false,downloaded
2001,34,"CMO No. 34, Series of 2001","Policies, Standards and Guidelines for Engineering Education",curriculum_program,https://legacy.ched.gov.ph/wp-content/uploads/2017/11/CMO-No.34-s2001.pdf,1006273,25,true,false,downloaded
2001,35,"CMO No. 35, Series of 2001",Implementing Guidelines for the National Veterinary Admission Test (NVAT),administrative_governance,https://legacy.ched.gov.ph/wp-content/uploads/2017/11/CMO-No.35-s2001.pdf,616519,15,true,false,downloaded
2001,36,"CMO No. 36, Series of 2001",Updated Policies and Standards for Medical Education,curriculum_program,https://legacy.ched.gov.ph/wp-content/uploads/2017/11/CMO-No.36-s2001.pdf,553888,12,true,false,downloaded
2001,37,"CMO No. 37, Series of 2001",Integration of HIV/AIDS Education in the Tertiary Education Curriculum,administrative_governance,https://legacy.ched.gov.ph/wp-content/uploads/2017/11/CMO-No.37-s2001.pdf,46250,1,true,false,downloaded
2001,38,"CMO No. 38, Series of 2001",Additional Two Higher Education Institutions in the CHED’s List of HEIs granted the Deregulated Status,curriculum_college,https://legacy.ched.gov.ph/wp-content/uploads/2017/11/CMO-No.38-s2001.pdf,33631,1,true,false,downloaded
2001,39,"CMO No. 39, Series of 2001",National Workshop on ETEEAP Implementation,administrative_governance,https://legacy.ched.gov.ph/wp-content/uploads/2017/11/CMO-No.39-s2001.pdf,240552,6,true,false,downloaded
2002,1,"CMO No. 01, Series of 2002","Guidelines for the Implementation, Support and Evaluation of Centers of Excellence (COEs) and Centers of Development (CODs) in Humanities, Social Sciences and Communication (HuSoComm)",curriculum_college,https://legacy.ched.gov.ph/wp-content/uploads/2017/10/CMO-No.01-s2002.pdf,2693377,67,true,false,downloaded
2002,2,"CMO No. 02, Series of 2002",Collegiate Calendar for Academic Year (AY) 2002-2003,administrative_governance,https://legacy.ched.gov.ph/wp-content/uploads/2017/10/CMO-No.02-s2002.pdf,134512,3,true,false,downloaded
2002,3,"CMO No. 03, Series of 2002",Implementing Guidelines for the OPAPP-CHED Study Grant Program for Rebel Returnees,administrative_governance,https://legacy.ched.gov.ph/wp-content/uploads/2017/10/CMO-No.03-s2002.pdf,525612,12,true,false,downloaded
2002,4,"CMO No. 04, Series of 2002",Authorizing the Private Schools Athletic Association (PRISAA) in Managing and Conducting the CHED National Games 2002,administrative_governance,https://legacy.ched.gov.ph/wp-content/uploads/2017/10/CMO-No.04-s2002.pdf,35784,1,true,false,downloaded
2002,5,"CMO No. 05, Series of 2002",Moratorium on the Opening of Programs via the Open Learning and Distance Education (OL/DE) both Print and Non-Print Mode and the Monitoring and Evaluation of all Higher Education Institutions offering OL/DE Programs,curriculum_college,https://legacy.ched.gov.ph/wp-content/uploads/2017/10/CMO-No.05-s2002.pdf,52729,1,true,false,downloaded
2002,6,"CMO No. 06, Series of 2002",Transfer of the Regional Qualitative Contribution Evaluation (QCE) Team under NBC 461 to the New Zonal Computerization Centers,administrative_governance,https://legacy.ched.gov.ph/wp-content/uploads/2017/10/CMO-No.06-s2002.pdf,49748,1,true,false,downloaded
2002,7,"CMO No. 07, Series of 2002",Clarificatory Guidelines in Awarding of Slots under the CHED Special Study Grant Program for Congressional Districts,administrative_governance,https://legacy.ched.gov.ph/wp-content/uploads/2017/10/CMO-No.07-s2002.pdf,68987,2,true,false,downloaded
2002,8,"CMO No. 08, Series of 2002",Guidelines for the Implementation of the Philippines-Australia Agricultural Technology Education Project (Agritech) Student Microproject Loan Fund (SMLF),administrative_governance,https://legacy.ched.gov.ph/wp-content/uploads/2017/10/CMO-No.08-s2002.pdf,164189,4,true,false,downloaded
2002,9,"CMO No. 09, Series of 2002",Guidelines to be followed in the Admission of Professional Entering the Nursing Program,scholarship_student_services,https://legacy.ched.gov.ph/wp-content/uploads/2017/10/CMO-No.09-s2002.pdf,82825,3,true,false,downloaded
2002,10,"CMO No. 10, Series of 2002","Updated List of Maritime Institutions which have Fully Complied with the STCW’95 Requirements to Supersede CMO Nos. 8 and 19, s. 2001",administrative_governance,https://legacy.ched.gov.ph/wp-content/uploads/2017/10/CMO-No.10-s2002.pdf,201087,3,true,false,downloaded
2002,11,"CMO No. 11, Series of 2002",Pilot Implementation of the Medium and Small Scale Industries Coordinated Action Program II (MASICAP II),administrative_governance,https://legacy.ched.gov.ph/wp-content/uploads/2017/10/CMO-No.11-s2002.pdf,373375,8,true,false,downloaded
2002,12,"CMO No. 12, Series of 2002","Revised Policies, Standards and Guidelines for Master of Science in Agricultural Engineering Program",curriculum_program,https://legacy.ched.gov.ph/wp-content/uploads/2017/10/CMO-No.12-s2002.pdf,202596,6,true,false,downloaded
2002,13,"CMO No. 13, Series of 2002",Implementing Rules and Regulations for the CHED-Senate Study Grant Program,administrative_governance,https://legacy.ched.gov.ph/wp-content/uploads/2017/10/CMO-No.13-s2002.pdf,177286,5,true,false,downloaded
2002,14,"CMO No. 14, Series of 2002",CHED Overseas Study Development Programs (OSDP),administrative_governance,https://legacy.ched.gov.ph/wp-content/uploads/2017/10/CMO-No.14-s2002.pdf,254366,8,true,false,downloaded
2002,15,"CMO No. 15, Series of 2002",Amendments to CMO No. 19 Series of 2000 Entitled “General Guidelines in the Implementation of the International Practicum Training Programs,administrative_governance,https://legacy.ched.gov.ph/wp-content/uploads/2017/10/CMO-No.15-s2002.pdf,276776,8,true,false,downloaded
2002,16,"CMO No. 16, Series of 2002",Revised Guidelines and Procedures in Selecting Higher Education Institutions and Determining Priority Courses for the CHED Student Financial Assistance Programs (STUFAPs),curriculum_college,https://legacy.ched.gov.ph/wp-content/uploads/2017/10/CMO-No.16-s2002.pdf,100106,3,true,false,downloaded
2002,17,"CMO No. 17, Series of 2002",CHED Organizational Development Program,administrative_governance,https://legacy.ched.gov.ph/wp-content/uploads/2017/10/CMO-No.17-s2002.pdf,63045,2,true,false,downloaded
2002,18,"CMO No. 18, Series of 2002",Clarificatory Guidelines for the Implementation of the Commission on Higher Education (CHED) Resolution No. 038-2001,administrative_governance,https://legacy.ched.gov.ph/wp-content/uploads/2017/10/CMO-No.18-s2002.pdf,99866,3,true,false,downloaded
2002,19,"CMO No. 19, Series of 2002",Extension of the Monitoring and Evaluation Period of All Higher Education Institutions Offering OL/DE Programs,curriculum_college,https://legacy.ched.gov.ph/wp-content/uploads/2017/10/CMO-No.19-s2002.pdf,33194,1,true,false,downloaded
2002,20,"CMO No. 20, Series of 2002",Rules and Regulations in the Implementation of the Study Grant Program at the Tertiary Level for Solo Parents and their Children,curriculum_college,https://legacy.ched.gov.ph/wp-content/uploads/2017/10/CMO-No.20-s2002.pdf,162010,4,true,false,downloaded
2002,21,"CMO No. 21, Series of 2002",Higher Education Data/Information Collection for AY 2002-2003,administrative_governance,https://legacy.ched.gov.ph/wp-content/uploads/2017/10/CMO-No.21-s2002.pdf,110109,2,true,false,downloaded
2002,22,"CMO No. 22, Series of 2002",Salary Schemes for Contractual Employees,administrative_governance,https://legacy.ched.gov.ph/wp-content/uploads/2017/10/CMO-No.22-s2002.pdf,106462,3,true,false,downloaded
2002,23,"CMO No. 23, Series of 2002",Authorizing the Private Schools Athletic Association (PRISAA) in Managing and Conducting the CHED-PRISAA National Games 2003,administrative_governance,https://legacy.ched.gov.ph/wp-content/uploads/2017/10/CMO-No.23-s2002.pdf,40691,1,true,false,downloaded
2002,24,"CMO No. 24, Series of 2002",Collegiate Calendar for Academic Year (AY) 2003-2004,administrative_governance,https://legacy.ched.gov.ph/wp-content/uploads/2017/10/CMO-No.24-s2002.pdf,131329,3,true,false,downloaded
2002,25,"CMO No. 25, Series of 2002",Implementing Guidelines on the Grant of Honoraria for HEDF Funded Projects,administrative_governance,https://legacy.ched.gov.ph/wp-content/uploads/2017/10/CMO-No.25-s2002.pdf,375844,6,true,false,downloaded
2002,26,"CMO No. 26, Series of 2002",Suspension of the Administration of the National Veterinary Admission Test (NVAT) for School Year 2003-2004,administrative_governance,https://legacy.ched.gov.ph/wp-content/uploads/2017/10/CMO-No.26-s2002.pdf,52227,1,true,false,downloaded
2002,27,"CMO No. 27, Series of 2002",Designation of Special Centers of Development (CODs) for Agriculture,curriculum_college,https://legacy.ched.gov.ph/wp-content/uploads/2017/10/CMO-No.27-s2002.pdf,50123,1,true,false,downloaded
2003,1,"CMO No. 01, Series of 2003",CHED Priority Courses for AY 2003-2004,administrative_governance,https://legacy.ched.gov.ph/wp-content/uploads/2017/10/CMO-No.01-s2003.pdf,63842,2,true,false,downloaded
2003,2,"CMO No. 02, Series of 2003",Visit Philippines 2003 (VP 2003),administrative_governance,https://legacy.ched.gov.ph/wp-content/uploads/2017/10/CMO-No.02-s2003.pdf,73226,2,true,false,downloaded
2003,3,"CMO No. 03, Series of 2003",Determination of the National Medical Admission Test (NMAT) Cut-Off Score and Opening of New Medical Program,administrative_governance,https://legacy.ched.gov.ph/wp-content/uploads/2017/10/CMO-No.03-s2003.pdf,76403,2,true,false,downloaded
2003,4,"CMO No. 04, Series of 2003",Guidelines for CHED Dissertation Grant,administrative_governance,https://legacy.ched.gov.ph/wp-content/uploads/2017/10/CMO-No.04-s2003.pdf,187143,5,true,false,downloaded
2003,5,"CMO No. 05, Series of 2003",Utilization of the National Service Training Program,administrative_governance,https://legacy.ched.gov.ph/wp-content/uploads/2017/10/CMO-No.05-s2003.pdf,49904,1,true,false,downloaded
2003,6,"CMO No. 06, Series of 2003",Policies and Guidelines on Transnational Education,administrative_governance,https://legacy.ched.gov.ph/wp-content/uploads/2017/10/CMO-No.06-s2003.pdf,391857,8,true,false,downloaded
2003,7,"CMO No. 07, Series of 2003",CHED Overseas Study Development Programs (OSDP),administrative_governance,https://legacy.ched.gov.ph/wp-content/uploads/2017/10/CMO-No.07-s2003.pdf,264786,7,true,false,downloaded
2003,8,"CMO No. 08, Series of 2003",Grant of University System Title to Higher Education Institutions,curriculum_college,https://legacy.ched.gov.ph/wp-content/uploads/2017/10/CMO-No.08-s2003.pdf,337338,6,true,false,downloaded
2003,9,"CMO No. 09, Series of 2003","Addendum to CMO No. 36, s. 1998 Entitled “Policies and Standards on Graduate Education”",administrative_governance,https://legacy.ched.gov.ph/wp-content/uploads/2017/10/CMO-No.09-s2003.pdf,152076,3,true,false,downloaded
2003,10,"CMO No. 10, Series of 2003",Higher Education Data/Information Collection for AY 2003-2004,administrative_governance,https://legacy.ched.gov.ph/wp-content/uploads/2017/10/CMO-No.10-s2003.pdf,105071,2,true,false,downloaded
2003,11,"CMO No. 11, Series of 2003","Continuation of the Benchmarking/Monitoring and Evaluation of Higher Education Institutions in Accordance with CHED Memorandum 35, s. 2000",curriculum_college,https://legacy.ched.gov.ph/wp-content/uploads/2017/10/CMO-No.11-s2003.pdf,42183,1,true,false,downloaded
2003,12,"CMO No. 12, Series of 2003",Reiteration of Existing Policy on Opening of Classes for AY 2003-2004 and Guidelines for the Prevention and Control of Severe Acute Respiratory Syndrome (SARS),administrative_governance,https://legacy.ched.gov.ph/wp-content/uploads/2017/10/CMO-No.12-s2003.pdf,128294,2,true,false,downloaded
2003,13,"CMO No. 13, Series of 2003",Guidelines for CHED Visiting Research Fellowships,administrative_governance,https://legacy.ched.gov.ph/wp-content/uploads/2017/10/CMO-No.13-s2003.pdf,252535,6,true,false,downloaded
2003,14,"CMO No. 14, Series of 2003",DBM-CHED Joint Circular No. 1: SUC Leveling  Instrument and Guidelines for the Implementation Thereof,curriculum_college,https://legacy.ched.gov.ph/wp-content/uploads/2017/10/CMO-No.14-s2003.pdf,129002,3,true,false,downloaded
2003,15,"CMO No. 15, Series of 2003",Precautionary Measures in Accepting/Enrolling Students with PEPT Documents,administrative_governance,https://legacy.ched.gov.ph/wp-content/uploads/2017/10/CMO-No.15-s2003.pdf,50286,1,true,false,downloaded
2003,16,"CMO No. 16, Series of 2003","Designation of Dr. Heracleo D. Lagrada, Head of CHED SUC Unit as Member of the National Evaluation Committee for SUC Leveling",curriculum_college,https://legacy.ched.gov.ph/wp-content/uploads/2017/10/CMO-No.16-s2003.pdf,40535,1,true,false,downloaded
2003,17,"CMO No. 17, Series of 2003",Development and Promotion of Campus Journalism at the Tertiary Level,administrative_governance,https://legacy.ched.gov.ph/wp-content/uploads/2017/10/CMO-No.17-s2003.pdf,50271,1,true,false,downloaded
2003,18,"CMO No. 18, Series of 2003",Symposium on Rationalization of the Philippine Public Higher Education System,administrative_governance,https://legacy.ched.gov.ph/wp-content/uploads/2017/10/CMO-No.18-s2003.pdf,75555,2,true,false,downloaded
2003,19,"CMO No. 19, Series of 2003",General Guidelines for the Conduct of Random Drug Testing for Tertiary Students,scholarship_student_services,https://legacy.ched.gov.ph/wp-content/uploads/2017/10/CMO-No.19-s2003.pdf,520409,11,true,false,downloaded
2003,20,"CMO No. 20, Series of 2003",Guidelines for CHED REPUBLICA Awards,administrative_governance,https://legacy.ched.gov.ph/wp-content/uploads/2017/10/CMO-No.20-s2003.pdf,162178,4,true,false,downloaded
2003,21,"CMO No. 21, Series of 2003",Grant of Autonomy and Deregulated Status To Selected Higher Education Institutions with Benefits Accruing Thereto (Second Batch),curriculum_college,https://legacy.ched.gov.ph/wp-content/uploads/2017/10/CMO-No.21-s2003.pdf,189255,4,true,false,downloaded
2003,22,"CMO No. 22, Series of 2003",Revised Guidelines in Processing Request for Issuance of CHED Endorsement to Hold an Activity,administrative_governance,https://legacy.ched.gov.ph/wp-content/uploads/2017/10/CMO-No.22-s2003.pdf,106487,2,true,false,downloaded
2003,23,"CMO No. 23, Series of 2003",Collegiate Calendar for Academic Year (AY) 2004-2005,administrative_governance,https://legacy.ched.gov.ph/wp-content/uploads/2017/10/CMO-No.23-s2003.pdf,149807,3,true,false,downloaded
2003,24,"CMO No. 24, Series of 2003","International Conference on Access to Higher Education to be held at the Manila Hotel, One Rizal Park 1099, Manila on 23-24 March 2004",administrative_governance,https://legacy.ched.gov.ph/wp-content/uploads/2017/10/CMO-No.24-s2003.pdf,110340,3,true,false,downloaded
2003,25,"CMO No. 25, Series of 2003","Implementing Rules and Regulations (IRR) for CHED Memorandum Order No. 08 Series of 2003, Otherwise Known as the Grant of University System Title to Higher Education Institutions",curriculum_college,https://legacy.ched.gov.ph/wp-content/uploads/2017/10/CMO-No.25-s2003.pdf,371275,8,true,false,downloaded
2003,26,"CMO No. 26, Series of 2003","Enjoining the Creation in Every Higher Education Institution of a Committee on Decorum and Investigation on Sexual Harassment Cases and Implementing Measures to Avoid Commission of Sex-Related Offenses Against Students, Faculty and Staff",curriculum_college,https://legacy.ched.gov.ph/wp-content/uploads/2017/10/CMO-No.26-s2003.pdf,322458,6,true,false,downloaded
2004,1,"CMO No. 01, Series of 2004",Model United Nations Assembly (MUNA),administrative_governance,https://legacy.ched.gov.ph/wp-content/uploads/2017/10/CMO-No.01-s2004.pdf,197641,5,true,false,downloaded
2004,2,"CMO No. 02, Series of 2004",New Procedures in the Processing of Applications of Government Authority to Operate Doctor of Medicine and Bachelor of Science in Nursing Programs,curriculum_program,https://legacy.ched.gov.ph/wp-content/uploads/2017/10/CMO-No.02-s2004.pdf,102296,2,true,false,downloaded
2004,3,"CMO No. 03, Series of 2004",CHED National Games 2004 (CHED PALARO),administrative_governance,https://legacy.ched.gov.ph/wp-content/uploads/2017/10/CMO-No.03-s2004.pdf,709707,19,true,false,downloaded
2004,4,"CMO No. 04, Series of 2004",Guidelines for the Implementation of the Student Assistance Fund for Education for A Strong Republic (SAFE 4 SR),administrative_governance,https://legacy.ched.gov.ph/wp-content/uploads/2017/10/CMO-No.04-s2004.pdf,541477,15,true,false,downloaded
2004,5,"CMO No. 05, Series of 2004",CHED Priority Courses for AY 2004-2005,administrative_governance,https://legacy.ched.gov.ph/wp-content/uploads/2017/10/CMO-No.05-s2004.pdf,69868,2,true,false,downloaded
2004,6,"CMO No. 06, Series of 2004","Conduct of the Southeast Asian Games 2005 from November 21, 2005 to November 30, 2005 and Request of Mr. Celso L. Dayrit, President, Philippine Olympic Committee, Regarding the Possible Suspension of Classes on the Said Dates",administrative_governance,https://legacy.ched.gov.ph/wp-content/uploads/2017/10/CMO-No.06-s2004.pdf,51840,1,true,false,downloaded
2004,7,"CMO No. 07, Series of 2004",CHED National Palaro 2004 Primer,administrative_governance,https://legacy.ched.gov.ph/wp-content/uploads/2017/10/CMO-No.07-s2004.pdf,39608,1,true,false,downloaded
2004,8,"CMO No. 08, Series of 2004",Education for All Week (EFA) 2004 19-25 April 2004,administrative_governance,https://legacy.ched.gov.ph/wp-content/uploads/2017/10/CMO-No.08-s2004.pdf,186408,3,true,false,downloaded
2004,9,"CMO No. 09, Series of 2004",Attendance and Participation of SUC Officials and Employees in the CHED National Palaro 2004,curriculum_college,https://legacy.ched.gov.ph/wp-content/uploads/2017/10/CMO-No.09-s2004.pdf,41389,1,true,false,downloaded
2004,10,"CMO No. 10, Series of 2004",CHED National Palaro 2004 Primer,administrative_governance,https://legacy.ched.gov.ph/wp-content/uploads/2017/10/CMO-No.10-s2004.pdf,899042,21,true,false,downloaded
2004,11,"CMO No. 11, Series of 2004",Deadline for Submission of Application for Permit/Recognition for BS Nursing and Doctor of Medicine Programs,curriculum_program,https://legacy.ched.gov.ph/wp-content/uploads/2017/10/CMO-No.11-s2004.pdf,40952,1,true,false,downloaded
2004,12,"CMO No. 12, Series of 2004",Asia Pacific Conference on Higher Education Research,administrative_governance,https://legacy.ched.gov.ph/wp-content/uploads/2017/10/CMO-No.12-s2004.pdf,44779,1,true,false,downloaded
2004,13,"CMO No. 13, Series of 2004",Asia Pacific Conference on Higher Education Research,administrative_governance,https://legacy.ched.gov.ph/wp-content/uploads/2017/10/CMO-No.13-s2004.pdf,54215,1,true,false,downloaded
2004,14,"CMO No. 14, Series of 2004",CHED Overseas Study Development Programs (OSDP),administrative_governance,https://legacy.ched.gov.ph/wp-content/uploads/2017/10/CMO-No.14-s2004.pdf,349340,12,true,false,downloaded
2004,15,"CMO No. 15, Series of 2004",Guidelines on the Moratorium on the Opening of New Programs for Maritime Education,administrative_governance,https://legacy.ched.gov.ph/wp-content/uploads/2017/10/CMO-No.15-s2004.pdf,43276,1,true,false,downloaded
2004,16,"CMO No. 16, Series of 2004","Extension of University Status to Our Lady of Fatima University Campus located at Fairview, Quezon City",administrative_governance,https://legacy.ched.gov.ph/wp-content/uploads/2017/10/CMO-No.16-s2004.pdf,34991,1,true,false,downloaded
2004,17,"CMO No. 17, Series of 2004",Requirements for the Various Licensure Examinations,administrative_governance,https://legacy.ched.gov.ph/wp-content/uploads/2017/10/CMO-No.17-s2004.pdf,113537,3,true,false,downloaded
2004,18,"CMO No. 18, Series of 2004",Second National Convention of the Metrobank Foundation Network of Outstanding Teachers and Educators (NOTED),administrative_governance,https://legacy.ched.gov.ph/wp-content/uploads/2017/10/CMO-No.18-s2004.pdf,61275,1,true,false,downloaded
2004,19,"CMO No. 19, Series of 2004",Proposed Guidelines for the Optometry Clinical Practicum/Externship Program,administrative_governance,https://legacy.ched.gov.ph/wp-content/uploads/2017/10/CMO-No.19-s2004.pdf,297172,7,true,false,downloaded
2004,20,"CMO No. 20, Series of 2004",Revised Policies and Standards on the Centers of Excellence Project,curriculum_program,https://legacy.ched.gov.ph/wp-content/uploads/2017/10/CMO-No.20-s2004.pdf,305320,7,true,false,downloaded
2004,21,"CMO No. 21, Series of 2004","Addendum to CMO No. 21, Series 2003, to Regarding the Grant of Autonomous and Deregulated Status to Selected HEIs (Second Batch) with Benefits Accruing Thereto”",curriculum_college,https://legacy.ched.gov.ph/wp-content/uploads/2017/10/CMO-No.21-s2004.pdf,41958,1,true,false,downloaded
2004,22,"CMO No. 22, Series of 2004",Implementing Rules and Regulations for the DND-CHED-PASUC Scholarship Program,curriculum_college,https://legacy.ched.gov.ph/wp-content/uploads/2017/10/CMO-No.22-s2004.pdf,399325,9,true,false,downloaded
2004,23,"CMO No. 23, Series of 2004",List of Accredited Training Partners for the International Practicum Training Program (IPTP),administrative_governance,https://legacy.ched.gov.ph/wp-content/uploads/2017/10/CMO-No.23-s2004.pdf,83657,2,true,false,downloaded
2004,24,"CMO No. 24, Series of 2004",Five-Year Data/Information Collection on Research for the Research Management Information System (RMIS) from AY 1999-2000 to 2003-2004,administrative_governance,https://legacy.ched.gov.ph/wp-content/uploads/2017/10/CMO-No.24-s2004.pdf,83820,2,true,false,downloaded
2004,25,"CMO No. 25, Series of 2004",Higher Education Data/Information Collection for Academic Year 2004-2005,administrative_governance,https://legacy.ched.gov.ph/wp-content/uploads/2017/10/CMO-No.25-s2004.pdf,119289,2,true,false,downloaded
2004,26,"CMO No. 26, Series of 2004",Implementing Guidelines for the Iskolar ng Mahirap na Pamilya Program,administrative_governance,https://legacy.ched.gov.ph/wp-content/uploads/2017/10/CMO-No.26-s2004.pdf,169167,4,true,false,downloaded
2004,27,"CMO No. 27, Series of 2004","Moratorium on the Opening of New Nursing Programs Effective May 4, 2004 which shall Cover all Public and Private Higher Education Institutions Including those Granted Autonomous or Deregulated Status",curriculum_college,https://legacy.ched.gov.ph/wp-content/uploads/2017/10/CMO-No.27-s2004.pdf,108333,2,true,false,downloaded
2004,28,"CMO No. 28, Series of 2004","Procedure on the Submission, Processing and Evaluation of Compliance Documents of Higher Education Institutions(HEIs) Granted Provisional Permits to Operate the Bachelor of Science in Nursing Program for the First Semester School Year 2004-2005 Subject to Compliance with Certain Requirements by September 30, 2004",curriculum_program,https://legacy.ched.gov.ph/wp-content/uploads/2017/10/CMO-No.28-s2004.pdf,217693,4,true,false,downloaded
2004,29,"CMO No. 29, Series of 2004",Revised Implementing Guidelines for National Veterinary Admission Test (NVAT),administrative_governance,https://legacy.ched.gov.ph/wp-content/uploads/2017/10/CMO-No.29-s2004.pdf,422711,9,true,false,downloaded
2004,30,"CMO No. 30, Series of 2004",Revised Policies and Standards for Undergraduate Teacher Education Curriculum,curriculum_program,https://legacy.ched.gov.ph/wp-content/uploads/2017/10/CMO-No.30-s2004.pdf,503309,11,true,false,downloaded
2004,31,"CMO No. 31, Series of 2004",Guidelines for the Optometry Clinical Practicum/Externship Program,administrative_governance,https://legacy.ched.gov.ph/wp-content/uploads/2017/10/CMO-No.31-s2004.pdf,296557,7,true,false,downloaded
2004,32,"CMO No. 32, Series of 2004","Addendum to CHED Memorandum Order No. 13, Series of 2003 Re: Guidelines for CHED Visiting Research Fellowships",administrative_governance,https://legacy.ched.gov.ph/wp-content/uploads/2017/10/CMO-No.32-s2004.pdf,326733,9,true,false,downloaded
2004,33,"CMO No. 33, Series of 2004",Guidelines for CHED Thesis Grant,administrative_governance,https://legacy.ched.gov.ph/wp-content/uploads/2017/10/CMO-No.33-s2004.pdf,145443,4,true,false,downloaded
2004,34,"CMO No. 34, Series of 2004",Revised Guidelines for CHED Republica Awards,administrative_governance,https://legacy.ched.gov.ph/wp-content/uploads/2017/10/CMO-No.34-s2004.pdf,28069,1,true,false,downloaded
2004,35,"CMO No. 35, Series of 2004",Implementing Guidelines of the Higher Education Development Project (HEDP) Faculty Development Program (FDP),administrative_governance,https://legacy.ched.gov.ph/wp-content/uploads/2017/10/CMO-No.35-s2004.pdf,1402453,46,true,false,downloaded
2004,36,"CMO No. 36, Series of 2004",Additional Guidelines in the Issuance of Overseas Trainee-ship Certificates (OTC) for Undergraduate Students Participating in the International Practicum Training Program (IPTP),administrative_governance,https://legacy.ched.gov.ph/wp-content/uploads/2017/10/CMO-No.36-s2004.pdf,48643,1,true,false,downloaded
2004,37,"CMO No. 37, Series of 2004",Collegiate Calendar for Academic Year 2005-2006,administrative_governance,https://legacy.ched.gov.ph/wp-content/uploads/2017/10/CMO-No.37-s2004.pdf,132865,3,true,false,downloaded
2004,38,"CMO No. 38, Series of 2004",New Procedures and Guidelines in the Processing of Applications for Government Authority to Operate Undergraduate Programs in Higher Education Institutions,curriculum_program,https://legacy.ched.gov.ph/wp-content/uploads/2017/10/CMO-No.38-s2004.pdf,223750,7,true,false,downloaded
2005,1,"CMO No. 01, Series of 2005",Revised Policies and Guidelines on Voluntary Accreditation in Aid of Quality and Excellence in Higher Education,administrative_governance,https://legacy.ched.gov.ph/wp-content/uploads/2017/10/CMO-No.01-s2005.pdf,293590,8,true,false,downloaded
2005,2,"CMO No. 02, Series of 2005",CHED Priority Courses for AY 2005-2006,administrative_governance,https://legacy.ched.gov.ph/wp-content/uploads/2017/10/CMO-No.02-s2005.pdf,83837,3,true,false,downloaded
2005,3,"CMO No. 03, Series of 2005",Zonal Conference on the Advocacy and Promotion of International Cooperation,administrative_governance,https://legacy.ched.gov.ph/wp-content/uploads/2017/10/CMO-No.03-s2005.pdf,185081,8,true,false,downloaded
2005,4,"CMO No. 04, Series of 2005",Observation of Simple Graduation Rites in all Higher Education Institutions,curriculum_college,https://legacy.ched.gov.ph/wp-content/uploads/2017/10/CMO-No.04-s2005.pdf,77721,3,true,false,downloaded
2005,5,"CMO No. 05, Series of 2005",Addendum to CMO 35 S.2004 Implementing Guidelines of the Higher Education Development Project-Faculty Development Program (HEDP-FDP),administrative_governance,https://legacy.ched.gov.ph/wp-content/uploads/2017/10/CMO-No.05-s2005.pdf,119410,4,true,false,downloaded
2005,6,"CMO No. 06, Series of 2005",Zonal/ Regional Consultation Conferences on the Formulation of the Medium-Term Development Plan for Higher Education (MTDPHE) 2005-2010,administrative_governance,https://legacy.ched.gov.ph/wp-content/uploads/2017/10/CMO-No.06-s2005.pdf,72476,2,true,false,downloaded
2005,7,"CMO No. 07, Series of 2005",Guidelines for CHED Support for Paper Presentations in International Conferences,administrative_governance,https://legacy.ched.gov.ph/wp-content/uploads/2017/10/CMO-No.07-s2005.pdf,182518,6,true,false,downloaded
2005,8,"CMO No. 08, Series of 2005",Policies and Standards for Bachelor of Library and Information Science (BLIS) Program,curriculum_program,https://legacy.ched.gov.ph/wp-content/uploads/2017/10/CMO-No.08-s2005.pdf,1699113,56,true,false,downloaded
2005,9,"CMO No. 09, Series of 2005",Revised CHED Data Element Manual (RCDEM) Unified Data Gathering Forms (UDGF) for AY 2005-2006 Higher Education Data/Information Collection,administrative_governance,https://legacy.ched.gov.ph/wp-content/uploads/2017/10/CMO-No.09-s2005.pdf,174287,4,true,false,downloaded
2005,10,"CMO No. 10, Series of 2005",Implementing Guidelines on the Offering of New Degree Programs and Curricular Revisions in Local Colleges and Universities (LUCs),curriculum_program,https://legacy.ched.gov.ph/wp-content/uploads/2017/10/CMO-No.10-s2005.pdf,284721,6,true,false,downloaded
2005,11,"CMO No. 11, Series of 2005",Minimum Curricular Requirements for Bachelor of Science in Customs Administration (BSCA),curriculum_program,https://legacy.ched.gov.ph/wp-content/uploads/2017/10/CMO-No.11-s2005.pdf,759855,26,true,false,downloaded
2005,12,"CMO No. 12, Series of 2005","Return to Official Station of Ms. Paula G. Mejia Fiscal Controller IV, Higher Education Development Fund (HEDF) Secretariat, this Commission Effective Immediately",curriculum_program,https://legacy.ched.gov.ph/wp-content/uploads/2017/10/CMO-No.12-s2005.pdf,35548,1,true,false,downloaded
2005,13,"CMO No. 13, Series of 2005",Policies Standards and Guidelines (PSG) for Maritime Education (2005 Revision),curriculum_program,https://legacy.ched.gov.ph/wp-content/uploads/2017/10/CMO-No.13-s2005.pdf,1671100,44,true,false,downloaded
2005,14,"CMO No. 14, Series of 2005",Guidelines and Procedures to be Observed by Higher Education Institution (HEIs) Intending to Increase Tuition and Other School Fees and Introduce New Fees,curriculum_college,https://legacy.ched.gov.ph/wp-content/uploads/2017/10/CMO-No.14-s2005.pdf,562128,17,true,false,downloaded
2005,15,"CMO No. 15, Series of 2005",Institutional Monitoring and Evaluation for Quality Assurance of all Higher Education Institution in the Philippines,curriculum_college,https://legacy.ched.gov.ph/wp-content/uploads/2017/10/CMO-No.15-s2005.pdf,112548,3,true,false,downloaded
2005,16,"CMO No. 16, Series of 2005",Implementing Rules and Regulations of CMO No. 15 Series of 2005 entitle “Institutional Monitoring and Evaluation for Quality Assurance of all Higher Education Institutions in the Philippines,curriculum_college,https://legacy.ched.gov.ph/wp-content/uploads/2017/10/CMO-No.16-s2005.pdf,208986,5,true,false,downloaded
2005,17,"CMO No. 17, Series of 2005",Minimum Curricular Requirements for Bachelor of Science in Entrepreneurship (BS Entrep),curriculum_program,https://legacy.ched.gov.ph/wp-content/uploads/2017/10/CMO-No.17-s2005.pdf,672024,16,true,false,downloaded
2005,18,"CMO No. 18, Series of 2005",Evaluation of Higher Education Institutions Granted Autonomous and Deregulated Status in 2001,curriculum_college,https://legacy.ched.gov.ph/wp-content/uploads/2017/10/CMO-No.18-s2005.pdf,97078,2,true,false,downloaded
2005,19,"CMO No. 19, Series of 2005","Revised Guidelines on the Suspension of Classes in the Tertiary Level on the Occasion of Typhoon/Storms, Earthquakes, Floods, Fires and Other Natural and/or Man-Caused Calamities",administrative_governance,https://legacy.ched.gov.ph/wp-content/uploads/2017/10/CMO-No.19-s2005.pdf,326476,8,true,false,downloaded
2005,20,"CMO No. 20, Series of 2005","New Procedure for the Administration and Processing of CHED Scholarships, Loans and Grants-In-Aid Programs",scholarship_student_services,https://legacy.ched.gov.ph/wp-content/uploads/2017/10/CMO-No.20-s2005.pdf,224212,6,true,false,downloaded
2005,21,"CMO No. 21, Series of 2005",Criminal Justice Education: Policies and Standards for the Criminology Program,curriculum_program,https://legacy.ched.gov.ph/wp-content/uploads/2017/10/CMO-No.21-s2005.pdf,3752207,122,true,false,downloaded
2005,22,"CMO No. 22, Series of 2005",Zonal Conference on the Advocacy and Promotion of International Cooperation,administrative_governance,https://legacy.ched.gov.ph/wp-content/uploads/2017/10/CMO-No.22-s2005.pdf,74118,2,true,false,downloaded
2005,23,"CMO No. 23, Series of 2005",2005 Asia Pacific Educators Exchange Program (APEEP),administrative_governance,https://legacy.ched.gov.ph/wp-content/uploads/2017/10/CMO-No.23-s2005.pdf,220244,6,true,false,downloaded
2005,24,"CMO No. 24, Series of 2005",2005 Minimum Policies and Standards for Bachelor of Science in Biology (BS BIO),curriculum_program,https://legacy.ched.gov.ph/wp-content/uploads/2017/10/CMO-No.24-s2005.pdf,1864909,52,true,false,downloaded
2005,25,"CMO No. 25, Series of 2005","Revised Policies, Standards and Guidelines for Engineering Education",curriculum_program,https://legacy.ched.gov.ph/wp-content/uploads/2017/10/CMO-No.25-s2005.pdf,917280,27,true,false,downloaded
2005,26,"CMO No. 26, Series of 2005",Program of Instruction (POI) on Values Formation,administrative_governance,https://legacy.ched.gov.ph/wp-content/uploads/2017/10/CMO-No.26-s2005.pdf,5457725,174,true,false,downloaded
2005,27,"CMO No. 27, Series of 2005",Policies and Guidelines on Distance Education,administrative_governance,https://legacy.ched.gov.ph/wp-content/uploads/2017/10/CMO-No.27-s2005.pdf,879972,19,true,false,downloaded
2005,28,"CMO No. 28, Series of 2005",Revised Guidelines for the Study Grant Program for Indigenous and Ethnic Peoples (NISGP and SEGEAP) and Defining the Procedures in the Selection of Grantees and Administration of the Program,administrative_governance,https://legacy.ched.gov.ph/wp-content/uploads/2017/10/CMO-No.28-s2005.pdf,126851,3,true,false,downloaded
2005,29,"CMO No. 29, Series of 2005",Rules and Regulations for the CHED Special Study Grant Program for the Financially Disadvantaged Students of the 2nd District of Sorsogon and the 4th District of Camarines Sur,administrative_governance,https://legacy.ched.gov.ph/wp-content/uploads/2017/10/CMO-No.29-s2005.pdf,326156,7,true,false,downloaded
2005,30,"CMO No. 30, Series of 2005","Rescission of CHED Memorandum Order No. 62, s. 1997 Providing for the Guidelines Implementing the Study Grant Program for Barangay Officials and their Legitimate Dependents to Implement Section 393, Paragraph 4 of the Local Government Code",curriculum_college,https://legacy.ched.gov.ph/wp-content/uploads/2017/10/CMO-No.30-s2005.pdf,50337,1,true,false,downloaded
2005,31,"CMO No. 31, Series of 2005",Implementing Guidelines for the Search on the Best Student Services Program Award”,administrative_governance,https://legacy.ched.gov.ph/wp-content/uploads/2017/10/CMO-No.31-s2005.pdf,125033,3,true,false,downloaded
2005,32,"CMO No. 32, Series of 2005","Guidelines for the Selection of SUC Proposals under the CHED Umbrella Technology Commercialization Program Entitled: “Strengthening the SUCs/HEIs in Technology Commercialization for Poverty Alleviation, Employment Generation, Food Production and Sustainable Development”",curriculum_college,https://legacy.ched.gov.ph/wp-content/uploads/2017/10/CMO-No.32-s2005.pdf,328465,7,true,false,downloaded
2005,33,"CMO No. 33, Series of 2005",Collegiate Calendar for Academic Year (AY) 2006-2007”,administrative_governance,https://legacy.ched.gov.ph/wp-content/uploads/2017/10/CMO-No.33-s2005.pdf,165365,3,true,false,downloaded
2005,34,"CMO No. 34, Series of 2005",Submission to the Dangerous Drugs Board (DDB) of Soft and Hard Copy of Thesis/Dissertation Done on Drug Abuse and Drug Related Concerns,administrative_governance,https://legacy.ched.gov.ph/wp-content/uploads/2017/10/CMO-No.34-s2005.pdf,449747,10,true,false,downloaded
2005,35,"CMO No. 35, Series of 2005",Minimum Policies and Standards for Bachelor of Science in Environmental Science (BS ES),curriculum_program,https://legacy.ched.gov.ph/wp-content/uploads/2017/10/CMO-No.35-s2005.pdf,1452045,41,true,false,downloaded
2005,36,"CMO No. 36, Series of 2005","Voluntary Suspension of Classes in Higher Education Institutions that will serve as Satellite Venues for the Southeast Asian Games from November 20 to December 5, 2005",curriculum_college,https://legacy.ched.gov.ph/wp-content/uploads/2017/10/CMO-No.36-s2005.pdf,146056,3,true,false,downloaded
2005,37,"CMO No. 37, Series of 2005","Revised Guidelines for the Selection of SUC Proposals Under the CHED Umbrella Technology Commercialization Program Entitled: “Strengthening the SUCs/HEIs in Technology Commercialization for Poverty Alleviation, Employment Generation, Food Production and Sustainable Development",curriculum_college,https://legacy.ched.gov.ph/wp-content/uploads/2017/10/CMO-No.37-s2005.pdf,171233,4,true,false,downloaded
2005,38,"CMO No. 38, Series of 2005",Implementing Rules and Regulations for the Implementation of the Bridging Program for the BS Mechanical Engineering (BSME) and the BS Electrical Engineering (BSEE) to BS Marine Engineering (BSMARE) Program,curriculum_program,https://legacy.ched.gov.ph/wp-content/uploads/2017/10/CMO-No.38-s2005.pdf,149350,4,true,false,downloaded
2005,39,"CMO No. 39, Series of 2005","Amendment to CHED Memorandum Order No. 31, Series of 2005 Re: Guidelines for the Search on the Best Student Services Program Award”",administrative_governance,https://legacy.ched.gov.ph/wp-content/uploads/2017/10/CMO-No.39-s2005.pdf,158402,5,true,false,downloaded
2005,40,"CMO No. 40, Series of 2005","Exemption of all College Student and Professor Volunteers from their Classes on the Duration of their Volunteer Work for the Southeast Asian Games from November 27 to December 5, 2005”",curriculum_college,https://legacy.ched.gov.ph/wp-content/uploads/2017/10/CMO-No.40-s2005.pdf,143170,4,true,false,downloaded
2005,41,"CMO No. 41, Series of 2005",Guidelines for the Search for Best HEI Research Programs,curriculum_college,https://legacy.ched.gov.ph/wp-content/uploads/2017/10/CMO-No.41-s2005.pdf,175176,5,true,false,downloaded
2005,42,"CMO 42, Series of 2005",Implementing Guidelines for the Creation of Student Crime Prevention Councils in all Colleges and Universities,administrative_governance,https://legacy.ched.gov.ph/wp-content/uploads/2017/10/CMO-No.42-s2005.pdf,1104516,11,true,false,downloaded
2005,43,"CMO No. 43, Series of 2005",Consolidated Implementing Guidelines of the Higher Education Development Project-Faculty Development Program (HEDP-FDP): 2004-2010,administrative_governance,https://legacy.ched.gov.ph/wp-content/uploads/2017/10/CMO-No.43-s2005.pdf,602747,17,true,false,downloaded
2005,44,"CMO No. 44, Series of 2005",List of CHED Accredited Training Partners for the Student Internship Abroad Program (SIAP) SY 2005-2006,scholarship_student_services,https://legacy.ched.gov.ph/wp-content/uploads/2017/10/CMO-No.44-s2005.pdf,455821,6,true,false,downloaded
2006,1,"CMO 01, series of 2006, “Additional Precautionary Measures in Accepting/Enrolling Students with PEPT Documents","CMO 01, series of 2006, “Additional Precautionary Measures in Accepting/Enrolling Students with PEPT Documents",administrative_governance,https://legacy.ched.gov.ph/wp-content/uploads/2017/10/CMO-No.01-s2006.pdf,36143,1,true,false,downloaded
2006,2,"CMO 02, series of 2006, “CHED Document Tracking and Management System (DTMS) Policy and Guidelines","CMO 02, series of 2006, “CHED Document Tracking and Management System (DTMS) Policy and Guidelines",administrative_governance,https://legacy.ched.gov.ph/wp-content/uploads/2017/10/CMO-No.02-s2006.pdf,151911,6,true,false,downloaded
2006,3,"CMO 03, series of 2006, “Policies Standards and Guidelines for Pharmacy Education","CMO 03, series of 2006, “Policies Standards and Guidelines for Pharmacy Education",administrative_governance,https://legacy.ched.gov.ph/wp-content/uploads/2017/10/CMO-No.03-s2006.pdf,1587130,65,true,false,downloaded
2006,4,"CMO 04, series of 2006, “Guidelines for the CHED Study Grant Program for Senior Citizens (CGSPSC)","CMO 04, series of 2006, “Guidelines for the CHED Study Grant Program for Senior Citizens (CGSPSC)",administrative_governance,https://legacy.ched.gov.ph/wp-content/uploads/2017/10/CMO-No.04-s2006.pdf,65227,2,true,false,downloaded
2006,6,"CMO 06, series of 2006, “Implementation of the Special Education Program for PNP Personnel as Proposed by the Universidad de Zamboanga","CMO 06, series of 2006, “Implementation of the Special Education Program for PNP Personnel as Proposed by the Universidad de Zamboanga",administrative_governance,https://legacy.ched.gov.ph/wp-content/uploads/2017/10/CMO-No.06-s2006.pdf,297843,5,true,false,downloaded
2006,7,"CMO 07, series of 2006, “Implementing Guidelines of the Higher Education Development Project",Strengthening HEI Management Capacity Program (HEDP-SHEIMP): 2006-2010,curriculum_college,https://legacy.ched.gov.ph/wp-content/uploads/2017/10/CMO-No.07-s2006.pdf,201059,5,true,false,downloaded
2006,8,"CMO 08, series of 2006, “Transfer of the Overseas Filipino Workers One Stop Processing Center (Formerly Philippine Seafarers’ One",Stop Processing Center) from the Office of Programs and Standards (OPS) to the Office of Student Services (OSS) this Commission,administrative_governance,https://legacy.ched.gov.ph/wp-content/uploads/2017/10/CMO-No.08-s2006.pdf,50002,1,true,false,downloaded
2006,9,"CMO 09, series of 2006, “Policies and Standards for Bachelor of Science in Agriforestry (BSAF)","CMO 09, series of 2006, “Policies and Standards for Bachelor of Science in Agriforestry (BSAF)",curriculum_program,https://legacy.ched.gov.ph/wp-content/uploads/2017/10/CMO-No.09-s2006.pdf,412862,13,true,false,downloaded
2006,10,"CMO 10, series of 2006, “Policies Standards and Guidelines for Medical Mission","CMO 10, series of 2006, “Policies Standards and Guidelines for Medical Mission",administrative_governance,https://legacy.ched.gov.ph/wp-content/uploads/2017/10/CMO-No.10-s2006.pdf,553298,20,true,false,downloaded
2006,11,"CMO 11, series of 2006, “Guidelines for the Selection of Student Participants in the Summer Youth Camp “A Democracy Summer Fest: Engaging Filipino Youth on Democracy through Leadership, Civic Engagement, and the Arts","CMO 11, series of 2006, “Guidelines for the Selection of Student Participants in the Summer Youth Camp “A Democracy Summer Fest: Engaging Filipino Youth on Democracy through Leadership, Civic Engagement, and the Arts",administrative_governance,https://legacy.ched.gov.ph/wp-content/uploads/2017/10/CMO-No.11-s2006.pdf,154528,4,true,false,downloaded
2006,12,"CMO 12, series of 2006, “CHED Priority Courses from AY 2006",2007 to AY 2009-2010,administrative_governance,https://legacy.ched.gov.ph/wp-content/uploads/2017/10/CMO-No.12-s2006.pdf,76486,3,true,false,downloaded
2006,13,"CMO 13, series of 2006, ‘Prohibiting Higher Education Institution (HEIs) from Forcing their Graduates and Graduating Students to Enroll in their own Review Centers and/or Review Centers of their Preferences","CMO 13, series of 2006, ‘Prohibiting Higher Education Institution (HEIs) from Forcing their Graduates and Graduating Students to Enroll in their own Review Centers and/or Review Centers of their Preferences",curriculum_college,https://legacy.ched.gov.ph/wp-content/uploads/2017/10/CMO-No.13-s2006.pdf,33249,1,true,false,downloaded
2006,14,"CMO 05, series of 2006, “Amendments to CMO No. 14 s.2005 entitled “The Guidelines and Procedures to be Observed by Higher Education Institutions (HEIs) Intending to Increase Tuition and Other School Fees, and Introduce New Fees","CMO 05, series of 2006, “Amendments to CMO No. 14 s.2005 entitled “The Guidelines and Procedures to be Observed by Higher Education Institutions (HEIs) Intending to Increase Tuition and Other School Fees, and Introduce New Fees",curriculum_college,https://legacy.ched.gov.ph/wp-content/uploads/2017/10/CMO-No.05-s2006.pdf,84366,2,true,false,downloaded
2006,14,"CMO 14, series of 2006, “Policies Standards and Guidelines for Medical Technology Education","CMO 14, series of 2006, “Policies Standards and Guidelines for Medical Technology Education",administrative_governance,https://legacy.ched.gov.ph/wp-content/uploads/2017/10/CMO-No.14-s2006.pdf,1544123,73,false,false,downloaded
2006,14,"CMO 42, series of 2006, “Amendments to CMO No. 14 s.2005 entitled “The Guidelines and Procedures to be Observed by Higher Education Institution (HEIs) Intending to Increase Tuition and Other School Fees and Introduce New Fees","CMO 42, series of 2006, “Amendments to CMO No. 14 s.2005 entitled “The Guidelines and Procedures to be Observed by Higher Education Institution (HEIs) Intending to Increase Tuition and Other School Fees and Introduce New Fees",curriculum_college,https://legacy.ched.gov.ph/wp-content/uploads/2017/10/CMO-No.42-s2006.pdf,48092,2,true,false,downloaded
2006,15,"CMO 15, series of 2006, “Five Year Data/Information Collection on Research for the Research Management Information System (RMIS) AY 1999 to 2004","CMO 15, series of 2006, “Five Year Data/Information Collection on Research for the Research Management Information System (RMIS) AY 1999 to 2004",administrative_governance,https://legacy.ched.gov.ph/wp-content/uploads/2017/10/CMO-No.15-s2006.pdf,31208,1,true,false,downloaded
2006,17,"CMO 17, series of 2006, “Implementing Guidelines for the Identification Support and Development of Centers of Excellence and Centers of Development for Health Related Education Programs","CMO 17, series of 2006, “Implementing Guidelines for the Identification Support and Development of Centers of Excellence and Centers of Development for Health Related Education Programs",curriculum_college,https://legacy.ched.gov.ph/wp-content/uploads/2017/10/CMO-No.17-s2006.pdf,210782,7,true,false,downloaded
2006,18,"CMO 18, series of 2006, “Policies Standards and Guidelines for Radiologic Technology Education","CMO 18, series of 2006, “Policies Standards and Guidelines for Radiologic Technology Education",curriculum_program,https://legacy.ched.gov.ph/wp-content/uploads/2017/10/CMO-No.18-s2006.pdf,562630,70,false,false,downloaded
2006,19,"CMO 19, series of 2006, “Implementing Guidelines for the Identification Support and Development of Centers of Excellence and Centers of Development for Information Technology","CMO 19, series of 2006, “Implementing Guidelines for the Identification Support and Development of Centers of Excellence and Centers of Development for Information Technology",curriculum_college,https://legacy.ched.gov.ph/wp-content/uploads/2017/10/CMO-No.19-s2006updated.pdf,1711202,47,true,false,downloaded
2006,20,"CMO 20, series of 2006, “AY 2006",2007 Higher Education Data/Information Collection,administrative_governance,https://legacy.ched.gov.ph/wp-content/uploads/2017/10/CMO-No.20-s2006.pdf,171572,3,true,false,downloaded
2006,21,"CMO 21, series of 2006, “Guidelines on Student Affairs and Services Program","CMO 21, series of 2006, “Guidelines on Student Affairs and Services Program",administrative_governance,https://legacy.ched.gov.ph/wp-content/uploads/2017/10/CMO-No.21-s2006.pdf,382573,10,true,false,downloaded
2006,22,"CMO 22, series of 2006, “Policies and Standards for Bachelor of Science in Office Administration","CMO 22, series of 2006, “Policies and Standards for Bachelor of Science in Office Administration",curriculum_program,https://legacy.ched.gov.ph/wp-content/uploads/2017/10/CMO-No.22-s2006.pdf,794539,28,true,false,downloaded
2006,23,"CMO 23, series of 2006, “Procedures and Guidelines in Granting CHED Financial Assistance to Higher Education Institution Undergoing Voluntary Accreditation","CMO 23, series of 2006, “Procedures and Guidelines in Granting CHED Financial Assistance to Higher Education Institution Undergoing Voluntary Accreditation",curriculum_college,https://legacy.ched.gov.ph/wp-content/uploads/2017/10/CMO-No.23-s2006.pdf,116243,3,true,false,downloaded
2006,24,"CMO 24, series of 2006, “Policies Standards and Guidelines for Physical Therapy and Occupational Therapy Education","CMO 24, series of 2006, “Policies Standards and Guidelines for Physical Therapy and Occupational Therapy Education",administrative_governance,https://legacy.ched.gov.ph/wp-content/uploads/2017/10/CMO-No.24-s2006.pdf,2403429,77,true,false,downloaded
2006,25,"CMO 25, series of 2006, “Implementing Guidelines for the PGMA Higher Education Loan Program","CMO 25, series of 2006, “Implementing Guidelines for the PGMA Higher Education Loan Program",administrative_governance,https://legacy.ched.gov.ph/wp-content/uploads/2017/10/CMO-No.25-s2006.pdf,222660,8,true,false,downloaded
2006,26,"CMO 26, series of 2006, “Implementing Rules and Regulations for Emergency Financial Assistance for Students (E",Fast) Program,scholarship_student_services,https://legacy.ched.gov.ph/wp-content/uploads/2017/10/CMO-No.26-s2006.pdf,131212,4,true,false,downloaded
2006,27,"CMO 16, series of 2006, “General Health Science Curriculum for Health Related Programs Amending CMO No. 27 s. 1998 otherwise known as “The Common Two",Year Associate Health Science Education,administrative_governance,https://legacy.ched.gov.ph/wp-content/uploads/2017/10/CMO-No.16-s2006.pdf,119606,3,true,false,downloaded
2006,28,"CMO 28, series of 2006, “Policies Standards and Guidelines for the Grant and/or retention of Maritime University Status","CMO 28, series of 2006, “Policies Standards and Guidelines for the Grant and/or retention of Maritime University Status",administrative_governance,https://legacy.ched.gov.ph/wp-content/uploads/2017/10/CMO-No.28-s2006.pdf,9946665,5,true,false,downloaded
2006,29,"CMO 29, series of 2006, “Implementing Rules and Regulations for CHED Scholarship and Grants",in-Aid Programs,scholarship_student_services,https://legacy.ched.gov.ph/wp-content/uploads/2017/10/CMO-No.29-s2006.pdf,594321,20,true,false,downloaded
2006,30,"CMO 30, series of 2006, “Policies and Standards for Bachelor in Science in Tourism Management (BSMT)/ Bachelor of Science in Hospitality Management (BSHM)/ Bachelor of Science in Hotel and Restaurant Management (BSHRM)/ Bachelor of Science in Travel Management (BSTrM)","CMO 30, series of 2006, “Policies and Standards for Bachelor in Science in Tourism Management (BSMT)/ Bachelor of Science in Hospitality Management (BSHM)/ Bachelor of Science in Hotel and Restaurant Management (BSHRM)/ Bachelor of Science in Travel Management (BSTrM)",curriculum_program,https://legacy.ched.gov.ph/wp-content/uploads/2017/10/CMO-No.30-s2006.pdf,550526,53,false,false,downloaded
2006,31,"CMO 31, series of 2006, “Participation of Tertiary Students in the Tree Planting Project Entitled “Philippine Highway Green Chain Project","CMO 31, series of 2006, “Participation of Tertiary Students in the Tree Planting Project Entitled “Philippine Highway Green Chain Project",administrative_governance,https://legacy.ched.gov.ph/wp-content/uploads/2017/10/CMO-No.31-s2006.pdf,277427,1,true,false,downloaded
2006,32,"CMO 32, series of 2006, “Policies Standards and Guidelines on the Establishment and Operation of Local Colleges and Universities","CMO 32, series of 2006, “Policies Standards and Guidelines on the Establishment and Operation of Local Colleges and Universities",curriculum_college,https://legacy.ched.gov.ph/wp-content/uploads/2017/10/CMO-No.32-s2006.pdf,2318184,9,true,false,downloaded
2006,33,"CMO 33, series of 2006, “Policies Standards and Guidelines for Dental Education","CMO 33, series of 2006, “Policies Standards and Guidelines for Dental Education",administrative_governance,https://legacy.ched.gov.ph/wp-content/uploads/2017/10/CMO-No.33-s2006.pdf,1788392,56,false,false,downloaded
2006,34,"CMO 34, series of 2006, “New Procedures in the Processing of Application of Government Authority to Operate Doctor of Dental Medicine (DMD) Program","CMO 34, series of 2006, “New Procedures in the Processing of Application of Government Authority to Operate Doctor of Dental Medicine (DMD) Program",curriculum_program,https://legacy.ched.gov.ph/wp-content/uploads/2017/10/CMO-No.34-s2006.pdf,478793,2,true,false,downloaded
2006,37,"CMO 37, series of 2006, “Revised Policies Standards and Guidelines (PSG) on the Implementation of the Ladderized Interface between Technical","Vocational Education and Training and Higher Education as Provided in Executive Order No. 358 Entitled, “To Institutionalize a Ladderized Interface Between Technical-Vocational Education and Training (TVET) and Higher Education (HEI)” (Amending CMO No. 27, Series 2006)",curriculum_program,https://legacy.ched.gov.ph/wp-content/uploads/2017/10/CMO-No.37-s2006.pdf,1374014,5,true,false,downloaded
2006,39,"CMO 39, series of 2006, “Policies Standards and Guidelines for Bachelor of Science in Business Administration (BSBA)","CMO 39, series of 2006, “Policies Standards and Guidelines for Bachelor of Science in Business Administration (BSBA)",curriculum_program,https://legacy.ched.gov.ph/wp-content/uploads/2017/10/CMO-No.39-s2006.pdf,941530,39,false,false,downloaded
2006,40,"CMO 40, series of 2006, “Guidelines for the Implementation of the CHED Continuing Education Program (CEP)","CMO 40, series of 2006, “Guidelines for the Implementation of the CHED Continuing Education Program (CEP)",administrative_governance,https://legacy.ched.gov.ph/wp-content/uploads/2017/10/CMO-No.40-s2006.pdf,1064522,8,true,false,downloaded
2006,41,"CMO 41, series of 2006, “Supplemental Guidelines for the Search for the Best HEI Research Programs","CMO 41, series of 2006, “Supplemental Guidelines for the Search for the Best HEI Research Programs",curriculum_college,https://legacy.ched.gov.ph/wp-content/uploads/2017/10/CMO-No.41-s2006.pdf,35786,1,true,false,downloaded
2006,43,"CMO 43, series of 2006, “Policies and Standards for Bachelor of Science in Fisheries (BSFi) Program","CMO 43, series of 2006, “Policies and Standards for Bachelor of Science in Fisheries (BSFi) Program",curriculum_program,https://legacy.ched.gov.ph/wp-content/uploads/2017/10/CMO-No.43-s2006.pdf,498732,37,true,false,downloaded
2006,44,"CMO 44, series of 2006, “Policies, Standards and Guidelines for Bachelor of Science in Forestry","CMO 44, series of 2006, “Policies, Standards and Guidelines for Bachelor of Science in Forestry",curriculum_program,https://legacy.ched.gov.ph/wp-content/uploads/2017/10/CMO-No.44-s2006.pdf,715750,30,true,false,downloaded
2006,45,"CMO 45, series of 2006, “Policies, Standards and Guidelines for Bachelor of Science in Food Technology (BS Food Technology)","CMO 45, series of 2006, “Policies, Standards and Guidelines for Bachelor of Science in Food Technology (BS Food Technology)",curriculum_program,https://legacy.ched.gov.ph/wp-content/uploads/2017/10/CMO-No.45-s2006.pdf,1268116,55,true,false,downloaded
2006,46,"CMO 46, series of 2006, “Designating Commissioner HJA. Luningning Misuarez",Umar Ed. D. as the CHED Chairman as Signatory to the Certificate of Accreditation of Local and Foreign Training Partners of Higher Education Institutions (HEIs) in the Implementation of the International Practicum Training Program (IPTP),curriculum_college,https://legacy.ched.gov.ph/wp-content/uploads/2017/10/CMO-No.46-s2006.pdf,31166,1,true,false,downloaded
2006,47,"CMO 47, series of 2006, “Policies and Standards for Master’s and Doctor’s Degree Programs in Criminal Justice with Specialization in Criminology","CMO 47, series of 2006, “Policies and Standards for Master’s and Doctor’s Degree Programs in Criminal Justice with Specialization in Criminology",curriculum_program,https://legacy.ched.gov.ph/wp-content/uploads/2017/10/CMO-No.47-s2006.pdf,200249,16,true,false,downloaded
2006,48,"CMO No. 48, Series of 2006",Criteria and Implementing Guidelines for the Identification Support and Development of Centers of Excellence (COEs) and Centers of Development (CODs) for Criminology Program,curriculum_college,https://legacy.ched.gov.ph/wp-content/uploads/2017/10/CMO-No.48-s2006.pdf,296942,15,true,false,downloaded
2006,49,"CMO No. 49, Series of 2006",Implementing Rules and Regulations Governing the Establishment and Operation of Review Centers and Similar Entities in the Philippines Pursuant to Executive Order No. 566,administrative_governance,https://legacy.ched.gov.ph/wp-content/uploads/2017/10/CMO-No.49-s2006.pdf,1011295,17,true,false,downloaded
2006,50,"CMO No. 50, Series of 2006",Recognition of Specialized Allied and Related Post Graduate Degrees as Qualification for Teaching Professional Mechanical Engineering Courses,administrative_governance,https://legacy.ched.gov.ph/wp-content/uploads/2017/10/CMO-No.50-s2006.pdf,42061,2,true,false,downloaded
2006,51,"CMO No. 51, Series of 2006",2007 National Scholarship Qualifying Examination (NSQE),scholarship_student_services,https://legacy.ched.gov.ph/wp-content/uploads/2017/10/CMO-No.51-s2006.pdf,151405,1,true,false,downloaded
2006,52,"CMO No. 52, series of 2006",New Policies and Guidelines for the Grant of Autonomous and Deregulated Status to Selected Private Higher Education Institution with Benefits Accruing Thereto,curriculum_college,https://legacy.ched.gov.ph/wp-content/uploads/2017/10/CMO-No.52-s2006.pdf,1131102,10,true,false,downloaded
2006,53,"CMO No. 53, Series of 2006",Policies and Standards for Information Technology Education (ITE) Programs,curriculum_program,https://legacy.ched.gov.ph/wp-content/uploads/2017/10/CMO-No.53-s2006.pdf,498135,24,true,false,downloaded
2006,54,"CMO No. 54, Series of 2006","Policies, Standards and Guidelines for Nutrition and Dietetics Education",curriculum_program,https://legacy.ched.gov.ph/wp-content/uploads/2017/10/CMO-No.54-s2006.pdf,1824668,86,true,false,downloaded
2006,55,"CMO No. 55, Series of 2006",Revised Policies and Standards on the Centers of Excellence Project,curriculum_program,https://legacy.ched.gov.ph/wp-content/uploads/2017/10/CMO-No.55-s2006.pdf,74076,6,true,false,downloaded
2006,56,"CMO No. 56, Series of 2006",Policies and Guidelines on the Conferment of Honorary Degrees by Higher Education Institution (HEIs),curriculum_college,https://legacy.ched.gov.ph/wp-content/uploads/2017/10/CMO-No.56-s2006.pdf,58299,2,true,false,downloaded
2006,57,"CMO No. 57, Series of 2006",Collegiate Academic Calendar for AY 2007-2008,administrative_governance,https://legacy.ched.gov.ph/wp-content/uploads/2017/10/CMO-No.57-s2006.pdf,78018,3,true,false,downloaded
2006,58,"CMO No. 58, series of 2006",Implementing Rules and Regulations for the Study Grant Program for the Dependents of Tobacco Growers,administrative_governance,https://legacy.ched.gov.ph/wp-content/uploads/2017/10/CMO-No.58-s2006.pdf,106248,8,true,false,downloaded
2006,59,"CMO No. 59, Series of 2006",Supplemental Guidelines Governing CHED Memorandum Order (CMO) No. 28 S. 2005 Entitled “Implementing Rules and Regulations for the Implementation of the Bridging Program for the BS Mechanical Engineering (BSME) and the BS Electrical Engineering (BSEE) to BS Marine Engineering (BSMarE) Program,curriculum_program,https://legacy.ched.gov.ph/wp-content/uploads/2017/10/CMO-No.59-s2006.pdf,58940,2,true,false,downloaded
2006,60,"CMO No. 60, Series of 2006",Implementing Guidelines for the CHED Centers of Excellence and Centers of Development for Engineering Education,curriculum_program,https://legacy.ched.gov.ph/wp-content/uploads/2017/10/CMO-No.60-s2006.pdf,30484332,37,true,false,downloaded
2006,61,"CMO No. 61, Series of 2006","Policies, Standards and Guidelines (PSG) for the Bachelor of Science in Architecture",curriculum_program,https://legacy.ched.gov.ph/wp-content/uploads/2017/10/CMO-No.61-s2006.pdf,3594257,130,true,false,downloaded
2006,358,"CMO 27, series of 2006, “Implementation of the Ladderized Interface between TVET and Higher Education, as provided in Executive Order No. 358, entitled “To Institutionalize a Ladderized Interface Between TVET and Higher Education","CMO 27, series of 2006, “Implementation of the Ladderized Interface between TVET and Higher Education, as provided in Executive Order No. 358, entitled “To Institutionalize a Ladderized Interface Between TVET and Higher Education",administrative_governance,https://legacy.ched.gov.ph/wp-content/uploads/2017/10/CMO-No.27-s2006.pdf,177775,5,true,false,downloaded
2006,358,"CMO 36, series of 2006, “Recognition of the National Certificate Qualification of Students and Workers who want to Enroll in a Ladderized Degree Program in Accordance with the Implementation of Executive Order No. 358 “To Institutionalize a Ladderized Interface Between Technical",Vocational Education (HEI) Issued by President Gloria Macapagal- Arroyo,curriculum_program,https://legacy.ched.gov.ph/wp-content/uploads/2017/10/CMO-No.36-s2006.pdf,610125,2,true,false,downloaded
2006,358,"CMO 38, series of 2006, “Procedures in the Processing of Applications for the Grant of Authority to Operate Ladderized Programs as Part of the Implementation of Executive Order No. 358, “To Institutionalize a Ladderized Interface Between Technical",Vocational Education and Training (TVET) and Higher Education (HEI),curriculum_college,https://legacy.ched.gov.ph/wp-content/uploads/2017/10/CMO-No.38-s2006.pdf,979121,4,true,false,downloaded
2006,358,"CMO 35, series of 2006, “Credit Transfer Program as Part of the Implementation of Executive Order No. 358, “To Institutionalize a Ladderized Interface Between Technical",Vocational Education and Training (TVET) and Higher Education (HEI),curriculum_college,https://legacy.ched.gov.ph/wp-content/uploads/2017/10/CMO-No.35-s2006.pdf,714482,3,true,false,downloaded
2007,1,"CMO No. 01, Series of 2007",Initial List of Institutions with Ladderized Programs under Executive Order 358,administrative_governance,https://legacy.ched.gov.ph/wp-content/uploads/2017/10/CMO-No.01-s2007.pdf,2804213,18,true,false,downloaded
2007,2,"CMO No. 02, Series of 2007",Corrigendum to CMO No. 16 s. 2006 entitled “General Health Science Curriculum for Health Related Programs Amending CMO No. 27 s. 1998 otherwise known as The Common Two-Year Associate Health Science Education,administrative_governance,https://legacy.ched.gov.ph/wp-content/uploads/2017/10/CMO-No.02-s2007.pdf,102656,4,true,false,downloaded
2007,3,"CMO No. 03, Series of 2007","Revised Policies and Standards for Bachelor of Science in Accountancy (BSA), as Amended",curriculum_program,https://legacy.ched.gov.ph/wp-content/uploads/2017/10/CMO-No.03-s2007.pdf,1878032,222,false,false,downloaded
2007,4,"CMO No. 04, Series of 2007","Implementing Rules and Regulations (IRR) of CMO No. 32, series of 2006, Entitled “Policies, Standards, and Guidelines on the Establishments and Operation of Local Colleges and Universities (LUCs)",curriculum_program,https://legacy.ched.gov.ph/wp-content/uploads/2017/10/CMO-No.04-s2007.pdf,124545,12,true,false,downloaded
2007,5,"CMO No. 05, Series of 2007",Identified Centers of Excellence and Centers of Development in Science and Mathematics,curriculum_college,https://legacy.ched.gov.ph/wp-content/uploads/2017/10/CMO-No.05-s2007.pdf,115594,3,true,false,downloaded
2007,6,"CMO No. 06, Series of 2007","Addendum to CHED Memorandum Order No. 55, Series of 2006 entitled “Revised Policies and Standards on the Centers of Excellence Project",curriculum_program,https://legacy.ched.gov.ph/wp-content/uploads/2017/10/CMO-No.06-s2007.pdf,28324,1,true,false,downloaded
2007,7,"CMO No. 07, Series of 2007","Amendmends to CMO No. 14, s. 2005, as amended, entitled “The Guidelines and Procedures to be Observed by Higher Education Institutions (HEIs) Intending to Increase Tuition and Other School Fees, and Introduce New Fees",curriculum_college,https://legacy.ched.gov.ph/wp-content/uploads/2017/10/CMO-No.07-s2007.pdf,76028,2,true,false,downloaded
2007,8,"CMO No. 08, Series of 2007","Amendments to CHED Memorandum Order (CMO) No. 38, s. 2006 entitled “Procedures in the Processing of Applications for The Grant of Authority to Operate Ladderized Programs as Part of The Implementation of Executive Order No. 358, entitled ‘To Institutionalize a Ladderized Interface Between Technical-Vocational Education and Training (TVET) and Higher Education (HE)",administrative_governance,https://legacy.ched.gov.ph/wp-content/uploads/2017/10/CMO-No.08-s2007.pdf,81764,4,true,false,downloaded
2007,9,"CMO No. 09, Series of 2007",Policies and Standards for Bachelor of Science in Respiratory Therapy Education,curriculum_program,https://legacy.ched.gov.ph/wp-content/uploads/2017/10/CMO-No.09-s2007.pdf,764772,55,false,false,downloaded
2007,10,"CMO No. 10, Series of 2007",Implementing Guidelines for the Identification Support and Development of Centers of Excellence (COEs) and Centers of Development (CODs) for Business and Management,curriculum_college,https://legacy.ched.gov.ph/wp-content/uploads/2017/10/CMO-No.10-s2007.pdf,306526,30,false,false,downloaded
2007,11,"CMO No. 11, Series of 2007",Revised Implementing Guidelines for CHED Republica Awards,administrative_governance,https://legacy.ched.gov.ph/wp-content/uploads/2017/10/CMO-No.11-s2007.pdf,51003,4,false,false,downloaded
2007,12,"CMO No. 12, Series of 2007",Policies and Standards for Graduate Catholic Theological and Religious Education – Master’s Programs,curriculum_program,https://legacy.ched.gov.ph/wp-content/uploads/2017/10/CMO-No.12-s2007.pdf,477789,50,false,false,downloaded
2007,13,"CMO No. 13, Series of 2007",Policies and Standards for Doctor’s Programs in Theology and Religious Education in Catholic Higher Education Institutions and Seminaries,curriculum_program,https://legacy.ched.gov.ph/wp-content/uploads/2017/10/CMO-No.13-s2007.pdf,308823,25,false,false,downloaded
2007,14,"CMO No. 14, Series of 2007",Authentication of School Documents Per Executive Order No. 582 and Expanding the Coverage of Higher Education Graduates Database as Basis for Preliminary Authentication of School Documents,administrative_governance,https://legacy.ched.gov.ph/wp-content/uploads/2017/10/CMO-No.14-s2007.pdf,131457,6,true,false,downloaded
2007,15,"CMO No. 15, Series of 2007",Policies Standards and Guidelines for Doctor in Veterinary Medicine (DVM) Program,curriculum_program,https://legacy.ched.gov.ph/wp-content/uploads/2017/10/CMO-No.15-s2007.pdf,239240,13,false,false,downloaded
2007,16,"CMO No. 16, Series of 2007","Deferment on the Implementation of CMO No. 16 s 2006, otherwise known as “General Health Science Curriculum for Health Related Programs” in the Nursing Program",administrative_governance,https://legacy.ched.gov.ph/wp-content/uploads/2017/10/CMO-No.16-s2007.pdf,30056,1,true,false,downloaded
2007,17,"CMO No. 17, Series of 2007",Participation of Higher Education Institutions in the Phil-Jobnet System,curriculum_college,https://legacy.ched.gov.ph/wp-content/uploads/2017/10/CMO-No.17-s2007.pdf,87433,3,true,false,downloaded
2007,18,"CMO No. 18, Series of 2007",Policies and Standards for Bachelor of Science in Chemistry (BS Chem),curriculum_program,https://legacy.ched.gov.ph/wp-content/uploads/2017/10/CMO-No.18-s2007.pdf,2091455,85,false,false,downloaded
2007,19,"CMO No. 19, Series of 2007",Minimum Policies and Standards for Bachelor of Science in Mathematics and Bachelor of Science in Applied Mathematics,curriculum_program,https://legacy.ched.gov.ph/wp-content/uploads/2017/10/CMO-No.19-s2007.pdf,1717550,81,false,false,downloaded
2007,20,"CMO No. 20, Series of 2007",Minimum Policies and Standards for Bachelor of Science in Physics (BS Physics) and Bachelor of Science in Applied Physics (BS Applied Physics),curriculum_program,https://legacy.ched.gov.ph/wp-content/uploads/2017/10/CMO-No.20-s2007.pdf,814436,27,false,false,downloaded
2007,21,"CMO No. 21, Series of 2007","Procedures on Admission, Enrollment, Issuance of Special Order and Scholastic Records, and Diploma for Graduates Under the Special Education Program for Philippine National Police (PNP) Personal Granted by the Universidad De Zamboanga and its Partner Schools Pursuant to CHED Memorandum Order No. 6, s. 2006",administrative_governance,https://legacy.ched.gov.ph/wp-content/uploads/2017/10/CMO-No.21-s2007.pdf,58453,2,true,false,downloaded
2007,22,"CMO No. 22, Series of 2007","Supplemental to CMO No. 52, s. 2006: Implementation Scheme, Requirements and Schedule in the Evaluation of Autonomous and Deregulated Institutions Identified in 2001 and 2003",curriculum_college,https://legacy.ched.gov.ph/wp-content/uploads/2017/10/CMO-No.22-s2007.pdf,9482663,19,true,false,downloaded
2007,23,"CMO No. 23, Series of 2007",General Guidelines for the Physical Therapy and Occupational Therapy Internship Program,administrative_governance,https://legacy.ched.gov.ph/wp-content/uploads/2017/10/CMO-No.23-s2007.pdf,184742,7,true,false,downloaded
2007,24,"CMO No. 24, Series of 2007",Policies and Standards for Bachelor of Science in Agribusiness (BSAB) Program,curriculum_program,https://legacy.ched.gov.ph/wp-content/uploads/2017/10/CMO-No.24-s2007.pdf,1001778,41,true,false,downloaded
2007,25,"CMO No. 25, Series of 2007",AY 2007-2008 Higher Education Data/Information Collection,administrative_governance,https://legacy.ched.gov.ph/wp-content/uploads/2017/10/CMO-No.25-s2007.pdf,64227,3,true,false,downloaded
2007,26,"CMO No. 26, Series of 2007",Criteria and Implementing Guidelines for the Identification Support and Development of Centers of Excellence (COEs) and Centers of Development (CODs) for Teacher Education Programs,curriculum_college,https://legacy.ched.gov.ph/wp-content/uploads/2017/10/CMO-No.26-s2007.pdf,453510,16,true,false,downloaded
2007,27,"CMO No. 27, Series of 2007","Implementation of the Ladderized Interface between Technical-Vocational Education and Training and Higher Education as Provided in Executive Order No. 358 Entitled, “To Institutionalize a Ladderized Interface between Technical-Vocational Education and Training (TVET) and Higher Education (HEI)",curriculum_college,https://legacy.ched.gov.ph/wp-content/uploads/2017/10/CMO-No.27-s2007.pdf,173203,5,true,false,downloaded
2007,28,"CMO No. 28, series of 2007",Policies and Standards (PS) for the Degree of Bachelor of Science in Aeronautical Engineering (BSAeroE),curriculum_program,https://legacy.ched.gov.ph/wp-content/uploads/2017/10/CMO-No.28-s2007.pdf,1059984,107,true,false,downloaded
2007,29,"CMO No. 29, Series of 2007",Policies and Standards (PS) for the Degree of Bachelor of Science in Civil Engineering (BSCE),curriculum_program,https://legacy.ched.gov.ph/wp-content/uploads/2017/10/CMO-No.29-s2007.pdf,66670,15,false,false,downloaded
2007,30,"CMO No. 30, Series of 2007",Revised Implementing Rules and Regulations Governing the Establishment and Operation of Review Centers and Similar Entities in the Philippines Pursuant to Executive Order No. 566,administrative_governance,https://legacy.ched.gov.ph/wp-content/uploads/2017/10/CMO-No.30-s2007.pdf,145967,18,false,false,downloaded
2007,31,"CMO No. 31, Series of 2007","Moratorium on the Opening of all New Graduate Programs Except in the Health Related Professions Including Nursing, Engineering, and Science and Mathematics Effective SY 2007-2008",curriculum_program,https://legacy.ched.gov.ph/wp-content/uploads/2017/10/CMO-No.31-s2007.pdf,60785,2,true,false,downloaded
2007,32,"CMO No. 32, Series of 2007",List of Identified Centers of Excellence (COEs) and Centers of Development (CODs) in Information Technology Education,curriculum_program,https://legacy.ched.gov.ph/wp-content/uploads/2017/10/CMO-No.32-s2007.pdf,69302,3,true,false,downloaded
2007,33,"CMO No. 33, Series of 2007",Policies and Standards in Midwifery Education,administrative_governance,https://legacy.ched.gov.ph/wp-content/uploads/2017/10/CMO-No.33-s2007.pdf,652039,74,false,false,downloaded
2007,34,"CMO No. 34, Series of 2007",Policy Requirement in the Conduct of Health Research Involving Human Subjects / Participants,administrative_governance,https://legacy.ched.gov.ph/wp-content/uploads/2017/10/CMO-No.34-s2007.pdf,25889,1,true,false,downloaded
2007,35,"CMO No. 35, Series of 2007",Submission of Specimen Signatures of the official Signatories of State Universities and Colleges (SUCs ) Local Universities and Colleges (LUCs) and other Public Higher Education Institutions and the List of Higher Education Graduates as basis for Authentication for School Documents,curriculum_college,https://legacy.ched.gov.ph/wp-content/uploads/2017/10/CMO-No.35-s2007.pdf,75176,2,true,false,downloaded
2007,36,"CMO No. 36, Series of 2007","Pilot Testing of the Electronic Verification, Certification System / Special Order Application and Issuance System (EVCS/SOAIS) by Selected Higher Education Institutions (HEIs)",curriculum_college,https://legacy.ched.gov.ph/wp-content/uploads/2017/10/CMO-No.36-s2007.pdf,132447,4,true,false,downloaded
2007,37,"CMO No. 37, Series of 2007",Revised Policies and Standards for Bachelor of Science in Agricultural Engineering (BSAE) Program,curriculum_program,https://legacy.ched.gov.ph/wp-content/uploads/2017/10/CMO-No.37-s2007.pdf,174742,12,false,false,downloaded
2007,38,"CMO No. 38, Series of 2007",Policies and Standards for Optometry Education,curriculum_program,https://legacy.ched.gov.ph/wp-content/uploads/2017/10/CMO-No.38-s2007.pdf,1047504,103,false,false,downloaded
2007,40,"CMO No. 40, Series of 2007",Implementing Rules and Regulations for the Scholarship Program under the CHED – Higher Education Development Project,scholarship_student_services,https://legacy.ched.gov.ph/wp-content/uploads/2017/10/CMO-No.40-s2007.pdf,97777,3,true,false,downloaded
2007,41,"CMO No. 41, Series of 2007",List of Higher Education Institutions Deputized to Implement the Expanded Tertiary Education Equivalency and Accreditation Program (ETEAAP),curriculum_college,https://legacy.ched.gov.ph/wp-content/uploads/2017/10/CMO-No.41-s2007.pdf,714107,14,true,false,downloaded
2007,42,"CMO No. 42, Series of 2007","DBM – CHED Joint Circular No. 1-B dated June 21, 2007 Providing the SUC Leveling Instrument and Guidelines for the Implementation thereof",curriculum_college,https://legacy.ched.gov.ph/wp-content/uploads/2017/10/CMO-No.42-s2007.pdf,77433,3,true,false,downloaded
2007,43,"CMO No. 43, Series of 2007",Policies and Standards for Bachelor of Science in Fisheries (BSFi) Program,curriculum_program,https://legacy.ched.gov.ph/wp-content/uploads/2017/10/CMO-No.43-s2007.pdf,42110,2,true,false,downloaded
2007,44,"CMO No. 44, Series of 2007",Submission of Electronic Copy in CDROM of the Graduate Programs’ Theses/Dissertations to the Commission on Higher Education,curriculum_program,https://legacy.ched.gov.ph/wp-content/uploads/2017/10/CMO-No.44-s2007.pdf,40505,1,true,false,downloaded
2007,45,"CMO No. 45, Series of 2007",Policies and Standards for Bachelor of Science in Food Technology (BS Food Technology),curriculum_program,https://legacy.ched.gov.ph/wp-content/uploads/2017/10/CMO-No.45-s2007.pdf,247867,12,true,false,downloaded
2007,46,"CMO No. 46, Series of 2007",Policies and Standards (PS) for the Degree of Bachelor of Science in Ceramic Engineering (BSCerE),curriculum_program,https://legacy.ched.gov.ph/wp-content/uploads/2017/10/CMO-No.46-s2007.pdf,153376,18,false,false,downloaded
2007,47,"CMO No. 47, Series of 2007",Policies and Standards for Associate in Radiologic Technology Education,curriculum_program,https://legacy.ched.gov.ph/wp-content/uploads/2017/10/CMO-No.47-s2007.pdf,2219491,77,true,false,downloaded
2007,48,"CMO No. 48, Series of 2007",Revised Model Embedment of Technical and Vocational Education and Training (TVET) Training Relations (TRs) in the Bachelor of Agricultural Technology (BAT) Program,curriculum_program,https://legacy.ched.gov.ph/wp-content/uploads/2017/10/CMO-No.48-s2007.pdf,348038,13,true,false,downloaded
2007,49,"CMO No. 49, Series of 2007",Updates of the Data /Information Collection on Research for the Research Management Information System (RMIS) from CY 2005 to 2006,administrative_governance,https://legacy.ched.gov.ph/wp-content/uploads/2017/10/CMO-No.49-s2007.pdf,30544,1,true,false,downloaded
2007,50,"CMO No. 50, Series of 2007",Guidelines for COE / COD Grants and Proposals in Science and Mathematics,administrative_governance,https://legacy.ched.gov.ph/wp-content/uploads/2017/10/CMO-No.50-s2007.pdf,880373,35,true,false,downloaded
2007,51,"CMO No. 51, Series of 2007",Implementing Guidelines for the Selection of Center of Excellence and Center of Development in Agriculture Education,administrative_governance,https://legacy.ched.gov.ph/wp-content/uploads/2017/10/CMO-No.51-s2007.pdf,153138,4,true,false,downloaded
2007,52,"CMO No. 52, Series of 2007","Addendum for CMO 30, series of 2004 entitled ‘Revised Policies and Standards for Undergraduate Teacher Education Curriculum",curriculum_program,https://legacy.ched.gov.ph/wp-content/uploads/2017/10/CMO-No.52-s2007.pdf,1816793,12,true,false,downloaded
2007,53,"CMO No. 53, Series of 2007",Policies and Standards for Graduate Programs in Education for Teachers and other Education Professionals,curriculum_program,https://legacy.ched.gov.ph/wp-content/uploads/2017/10/CMO-No.53-s2007.pdf,398114,10,true,false,downloaded
2007,54,"CMO No. 54, Series of 2007","Revised Syllabi in Filipino 1, 2 and 3 under the New General Education Curriculum (GEC)",administrative_governance,https://legacy.ched.gov.ph/wp-content/uploads/2017/10/CMO-No.54-s2007.pdf,276786,12,true,false,downloaded
2007,55,"CMO No. 55, Series of 2007","Extension of the Deadline for six (6) months from November 28, 2007 for all existing Independent Review Centers to tie-up or be Integrated with Higher Education Institution as required under Section 1, Rule XIV of the revised Implementing Rules and Regulations of executive Order No. 566",curriculum_college,https://legacy.ched.gov.ph/wp-content/uploads/2017/10/CMO-No.55-s2007.pdf,33717,1,true,false,downloaded
2007,56,"CMO No. 56, Series of 2007",Policies and Standards for the Ladderized Bachelor of Technical Teacher Education,curriculum_program,https://legacy.ched.gov.ph/wp-content/uploads/2017/10/CMO-No.56-s2007.pdf,6022757,216,true,false,downloaded
2007,57,"CMO No. 57, Series of 2007",Revised Implementing Guidelines on the Administration of and awards from the HEDF,administrative_governance,https://legacy.ched.gov.ph/wp-content/uploads/2017/10/CMO-No.57-s2007.pdf,146731,5,true,false,downloaded
2007,58,"CMO No. 58, Series of 2007",Approved Categories of Institution assessed under the Institutional Quality Assurance through Monitoring and Evaluation (IQUAME),administrative_governance,https://legacy.ched.gov.ph/wp-content/uploads/2017/10/CMO-No.58-s2007.pdf,68438,2,true,false,downloaded
2007,59,"CMO No. 59, Series of 2007",Grant of Autonomous and Deregulated Status to Qualified Private Higher Education Institution (PHEIs),curriculum_college,https://legacy.ched.gov.ph/wp-content/uploads/2017/10/CMO-No.59-s2007.pdf,76957,2,true,false,downloaded
2007,60,"CMO No. 60, Series of 2007",Issuance of the SUC Leveling Result,curriculum_college,https://legacy.ched.gov.ph/wp-content/uploads/2017/10/CMO-No.60-s2007.pdf,538643,5,true,false,downloaded
2007,61,"CMO No. 61, Series of 2007","ISO (International Organization for Standardization) Certification as in Equivalent Criteria in Lieu of an Accreditation Requirement under section 1, Rule VII of the Revised Implementing Rules and Regulations of Executive Order No. 566",administrative_governance,https://legacy.ched.gov.ph/wp-content/uploads/2017/10/CMO-No.61-s2007.pdf,32619,1,true,false,downloaded
2007,62,"CMO No. 62, Series of 2007",Collegiate Academic Calendar for AY 2008 – 2009,administrative_governance,https://legacy.ched.gov.ph/wp-content/uploads/2017/10/CMO-No.62-s2007.pdf,91799,3,true,false,downloaded
2007,63,"CMO No. 63, Series of 2007",Prohibition of Smoking in Higher Education Institutions,curriculum_college,https://legacy.ched.gov.ph/wp-content/uploads/2017/10/CMO-No.63-s2007.pdf,58880,2,true,false,downloaded
2008,1,"CMO No. 01, Series of 2008",Guidelines in the Implementation of the Procurement Program in Accordance with Republic Act No. 9184 and Its Implementing Rules and Regulations Part A,administrative_governance,https://legacy.ched.gov.ph/wp-content/uploads/2017/10/CMO-No.01-s2008.pdf,157006,6,true,false,downloaded
2008,2,"CMO No. 02, Series of 2008","Policies, Standard, and Guidelines (PSG) on Transnational Education (TNE)",curriculum_program,https://legacy.ched.gov.ph/wp-content/uploads/2017/10/CMO-No.02-s2008.pdf,794015,27,true,false,downloaded
2008,3,"CMO No. 03, Series of 2008","Higher Education Institutions (HEIs) Granted Autonomous and Deregulated Status Considered Exempt from the Accreditation Requirement for Purposes of Registration to Establish and Operate Review Centers as Required Under Section 1, Rule VII of the Revised Implementing Rules and Regulations of Executive Order No. 566",curriculum_college,https://legacy.ched.gov.ph/wp-content/uploads/2017/10/CMO-No.03-s2008.pdf,30004,1,true,false,downloaded
2008,4,"CMO No. 04, Series of 2008","Reiterating CHED Memorandum Order No. 4, series of 2005, “Observance of Simple Graduation Rites in All Higher Education Institutions",curriculum_college,https://legacy.ched.gov.ph/wp-content/uploads/2017/10/CMO-No.04-s2008.pdf,31308,1,true,false,downloaded
2008,5,"CMO No. 05, Series of 2008",Policies and Standards for Bachelor of Science in Nursing (BSN) Program,curriculum_program,https://legacy.ched.gov.ph/wp-content/uploads/2017/10/CMO-No.05-s2008.pdf,2951131,121,false,false,downloaded
2008,6,"CMO No. 06, Series of 2008",Guidelines for the Accreditation of Clinical Laboratories Involved in the Training of Medical Laboratory Science/Medical Technology Interns,administrative_governance,https://legacy.ched.gov.ph/wp-content/uploads/2017/10/CMO-No.06-s2008.pdf,162611,5,true,false,downloaded
2008,7,"CMO No. 07, Series of 2008",Zonal Research Centers,administrative_governance,https://legacy.ched.gov.ph/wp-content/uploads/2017/10/CMO-No.07-s2008.pdf,24453,2,true,false,downloaded
2008,8,"CMO No. 08, Series of 2008",Guidelines for the CHED Outstanding Extension Program Award,administrative_governance,https://legacy.ched.gov.ph/wp-content/uploads/2017/10/CMO-No.08-s2008.pdf,308666,4,true,false,downloaded
2008,9,"CMO No. 09, Series of 2008",Policies and Standards (PS) for the Degree of Bachelor of Science in Mechanical Engineering (BSME),curriculum_program,https://legacy.ched.gov.ph/wp-content/uploads/2017/10/CMO-No.09-s2008.pdf,7758975,110,true,false,downloaded
2008,10,"CMO No. 10, Series of 2008",Policies and Standards (PS) for Bachelor of Science in Mining Engineering (BSME) Program,curriculum_program,https://legacy.ched.gov.ph/wp-content/uploads/2017/10/CMO-No.10-s2008.pdf,6751794,85,true,false,downloaded
2008,11,"CMO No. 11, Series of 2008",Policies and Standards (PS) for the Degree of Bachelor of Science in Metallurgical Engineering (BSMetE) Program,curriculum_program,https://legacy.ched.gov.ph/wp-content/uploads/2017/10/CMO-No.11-s2008.pdf,8455123,115,true,false,downloaded
2008,12,"CMO No. 12, Series of 2008",Policies and Standards (PS) for the Degree of Bachelor of Science in Geodetic Engineering (BSGE),curriculum_program,https://legacy.ched.gov.ph/wp-content/uploads/2017/10/CMO-No.12-s2008.pdf,9099564,106,true,false,downloaded
2008,13,"CMO No. 13, Series of 2008",Policies and Standards for the Degree of Bachelor of Science in Computer Engineering (BSCpE),curriculum_program,https://legacy.ched.gov.ph/wp-content/uploads/2017/10/CMO-No.13-s2008.pdf,2103525,97,true,false,downloaded
2008,14,"CMO No. 14, Series of 2008",Policies and Standards for Bachelor of Science in Agriculture (BSA) Program,curriculum_program,https://legacy.ched.gov.ph/wp-content/uploads/2017/10/CMO-No.14-s2008.pdf,4814930,66,true,false,downloaded
2008,15,"CMO No. 15, Series of 2008",Revised Policies and Standards for the Degree of Bachelor of Science in Industrial Engineering (BSIE),curriculum_program,https://legacy.ched.gov.ph/wp-content/uploads/2017/10/CMO-No.15-s2008.pdf,126354,17,false,false,downloaded
2008,16,"CMO No. 16, Series of 2008",Guidelines to be Followed in the Processing of Applications of Higher Education Institutions (HEIs) Intending to Increase Tuition and Other Fees for SY 2008-2009,curriculum_college,https://legacy.ched.gov.ph/wp-content/uploads/2017/10/CMO-No.16-s2008.pdf,157168,2,true,false,downloaded
2008,17,"CMO No. 17, Series of 2008",Clarificatory Guidelines Relative to the Offering of the Bachelor of Laws (LL.B) Program and Juris Doctor (JD) Degree Program,curriculum_program,https://legacy.ched.gov.ph/wp-content/uploads/2017/10/CMO-No.17-s2008.pdf,378949,4,true,false,downloaded
2008,18,"CMO No. 18, Series of 2008","Model Embedment of Technical and Vocational Education and Training (TVET) Training Regulations (TRs) in the Bachelor of Science in Computer Science (BSCS), Bachelor of Science Information Technology (BSIT), and Bachelor of Science in Information System (BSIS) Programs",curriculum_program,https://legacy.ched.gov.ph/wp-content/uploads/2017/10/CMO-No.18-s2008.pdf,2888067,20,true,false,downloaded
2008,19,"CMO No. 19, Series of 2008","Requirement for All Nurses to Submit Permit/Clearance from the Philippine Nursing Association, the Board of Nursing or from the Office or Officer of the Department of Labor and Employment in the Practice of Nursing Profession as Reviewers for Both Local and Foreign Examinations",administrative_governance,https://legacy.ched.gov.ph/wp-content/uploads/2017/10/CMO-No.19-s2008.pdf,85520,1,true,false,downloaded
2008,20,"CMO No. 20, Series of 2008","Guidelines in the Grant of Provisional Permit for a Period of One (1) Year to Higher Education Institutions (HEIs) with Non-Accredited Programs for Purposes of Registration to Establish and Operate Review Centers as Required Under Section 1, Rule VII of the Revised Implementing Rules and Regulations of Executive Order No. 566",curriculum_college,https://legacy.ched.gov.ph/wp-content/uploads/2017/10/CMO-No.20-s2008.pdf,126030,2,true,false,downloaded
2008,21,"CMO No. 21, Series of 2008","Extension of the Deadline for Six (6) Months from May 27, 2008 for All Existing Independent Review Centers to Tie-Up or Be Integrated with Higher Educational Institutions as Required Under Section 1. Rule XIV of the Revised Implementing Rules and Regulations of Executive Order No. 566",administrative_governance,https://legacy.ched.gov.ph/wp-content/uploads/2017/10/CMO-No.21-s2008.pdf,81824,1,true,false,downloaded
2008,22,"CMO No. 22, Series of 2008",AY 2008-2009 Higher Education Data/Information Collection,administrative_governance,https://legacy.ched.gov.ph/wp-content/uploads/2017/10/CMO-No.22-s2008.pdf,306373,3,true,false,downloaded
2008,23,"CMO No. 23, Series of 2008",Policies and Standards (PS) for the Degree of Bachelor of Science in Chemical Engineering (BSChE),curriculum_program,https://legacy.ched.gov.ph/wp-content/uploads/2017/10/CMO-No.23-s2008.pdf,1547220,15,true,false,downloaded
2008,24,"CMO No. 24, Series of 2008",Policies and Standards for the Degree of Bachelor of Science in Electronics Engineering,curriculum_program,https://legacy.ched.gov.ph/wp-content/uploads/2017/10/CMO-No.24-s2008.pdf,1547786,17,true,false,downloaded
2008,25,"CMO No. 25, Series of 2008",Guidelines for the Implementation of the Student Assistance Fund for Education (SAFE) for Loan,administrative_governance,https://legacy.ched.gov.ph/wp-content/uploads/2017/10/CMO-No.25-s2008.pdf,894464,11,true,false,downloaded
2008,26,"CMO No. 26, Series of 2008",Guidelines for the Implementation of the Student Assistance Fund for Education (SAFE) for Scholarship,scholarship_student_services,https://legacy.ched.gov.ph/wp-content/uploads/2017/10/CMO-No.26-s2008.pdf,863912,11,true,false,downloaded
2008,27,"CMO No. 27, Series of 2008","Supplemental Guidelines to CHED Memorandum Order No. 39, Series of 2006 Entitled “Policies Standards and Guidelines for Bachelor of Science in Business Administration",curriculum_program,https://legacy.ched.gov.ph/wp-content/uploads/2017/10/CMO-No.27-s2008.pdf,55622,2,true,false,downloaded
2008,28,"CMO No. 28, Series of 2008",Revised Policies and Standards for Bachelor of Science in Interior Design,curriculum_program,https://legacy.ched.gov.ph/wp-content/uploads/2017/10/CMO-No.28-s2008.pdf,616802,29,true,false,downloaded
2008,29,"CMO No. 29, Series of 2008",Policies and Standards for Bachelor of Fine Arts (BFA) Program,curriculum_program,https://legacy.ched.gov.ph/wp-content/uploads/2017/10/CMO-No.29-s2008.pdf,4388847,64,true,false,downloaded
2008,30,"CMO No. 30, Series of 2008",Policies and Standards for Bachelor of Arts in Islamic Studies (ABIS) Program,curriculum_program,https://legacy.ched.gov.ph/wp-content/uploads/2017/10/CMO-No.30-s2008.pdf,3444352,48,true,false,downloaded
2008,31,"CMO No. 31, Series of 2008",Centers of Excellence (COEs) and Centers of Development (CODs) for Teacher Education,curriculum_college,https://legacy.ched.gov.ph/wp-content/uploads/2017/10/CMO-No.31-s2008.pdf,326719,3,true,false,downloaded
2008,32,"CMO No. 32, Series of 2008",Revised Guidelines for the CHED Best Higher Education Institution (HEI) Research Program Award,curriculum_college,https://legacy.ched.gov.ph/wp-content/uploads/2017/10/CMO-No.32-s2008.pdf,299876,4,true,false,downloaded
2008,33,"CMO No. 33, Series of 2008","Grant of Autonomous Status to Ateneo de Naga University, Naga City and the Philippine Women University, Taft Avenue, Manila",administrative_governance,https://legacy.ched.gov.ph/wp-content/uploads/2017/10/CMO-No.33-s2008.pdf,84324,1,true,false,downloaded
2008,34,"CMO No. 34, Series of 2008",Policies and Standards for the Degree of Bachelor of Science in Electrical Engineering Program,curriculum_program,https://legacy.ched.gov.ph/wp-content/uploads/2017/10/CMO-No.34-s2008.pdf,357773,17,true,false,downloaded
2008,35,"CMO No. 35, Series of 2008",Policies and Standards for Bachelor of Science in Geology (BS Geology) Program,curriculum_program,https://legacy.ched.gov.ph/wp-content/uploads/2017/10/CMO-No.35-s2008.pdf,7919258,93,true,false,downloaded
2008,36,"CMO No. 36, Series of 2008",Extension of Accreditation of Clinical Laboratories Utilized in the Internship Training Program of Medical Laboratory Science (Medical Technology) which Expired in 2007 and 2008 and Procedural Guidelines for Renewal of Accreditation,administrative_governance,https://legacy.ched.gov.ph/wp-content/uploads/2017/10/CMO-No.36-s2008.pdf,167268,2,true,false,downloaded
2008,37,"CMO No. 37, Series of 2008",Policies and Guidelines in the Implementation of the Electronic Verification and Certification System (EVCS) of Academic Records,administrative_governance,https://legacy.ched.gov.ph/wp-content/uploads/2017/10/CMO-No.37-s2008.pdf,459397,5,true,false,downloaded
2008,38,"CMO No. 38, Series of 2008",Revised Guidelines for the Operation of the Zonal Research Centers (ZRCs),administrative_governance,https://legacy.ched.gov.ph/wp-content/uploads/2017/10/CMO-No.38-s2008.pdf,404101,5,true,false,downloaded
2008,39,"CMO No. 39, Series of 2008","Amendments to CHED Memorandum Order (CMO) No. 16, series 2008 [Guidelines To Be Followed In The Processing Of Applications Of Higher Education Institutions (HEIs) Intending To Increase Tuition And Other Fees for SY 2008-2009",curriculum_college,https://legacy.ched.gov.ph/wp-content/uploads/2017/10/CMO-No.39-s2008.pdf,126934,2,true,false,downloaded
2008,40,"CMO No. 40, Series of 2008",Manual of Regulations for Private Higher Education of 2008,curriculum_college,https://legacy.ched.gov.ph/wp-content/uploads/2017/10/CMO-No.40-s2008.pdf,2301152,59,true,false,downloaded
2008,41,"CMO No. 41, Series of 2008",Approved Categories of Institutions assessed under the Institutional Quality Assurance through Monitoring and Evaluation (IQUAME) in the 2nd Quarter of 2007 and January to June 2008,administrative_governance,https://legacy.ched.gov.ph/wp-content/uploads/2017/10/CMO-No.41-s2008.pdf,158449,2,true,false,downloaded
2008,42,"CMO No. 42, Series of 2008",Identified Centers of Excellence and Centers of Development in Criminology Program,curriculum_college,https://legacy.ched.gov.ph/wp-content/uploads/2017/10/CMO-No.42-s2008.pdf,138171,2,true,false,downloaded
2008,43,"CMO No. 43, Series of 2008",Implementing Guidelines of Executive Order No. 694 Entitled “Enabling Higher Education Institutions to Opt to Ladderize their Education Programs without Need for Issuance of Permit from the Commission on Higher Education and the Technical Education and Skills Development Authority,curriculum_college,https://legacy.ched.gov.ph/wp-content/uploads/2017/10/CMO-No.43-s2008.pdf,282030,3,true,false,downloaded
2008,44,"CMO No. 44, Series of 2008",Policies and Guidelines for the Grant of Autonomous and Deregulated Status to Private Higher Education Institutions,curriculum_college,https://legacy.ched.gov.ph/wp-content/uploads/2017/10/CMO-No.44-s2008.pdf,307307,9,true,false,downloaded
2008,45,"CMO No. 45, Series of 2008",Collegiate Academic Calendar for AY 2009-2010,administrative_governance,https://legacy.ched.gov.ph/wp-content/uploads/2017/10/CMO-No.45-s2008.pdf,91808,3,true,false,downloaded
2008,46,"CMO No. 46, Series of 2008","Abolition of the Bachelor of Medicine, Bachelor of Surgery (MBBS) Program Effective Academic Year 2008-2009",curriculum_program,https://legacy.ched.gov.ph/wp-content/uploads/2017/10/CMO-No.46-s2008.pdf,33598,1,true,false,downloaded
2008,47,"CMO No. 47, Series of 2008",Search for the Best Student Services Program Award,administrative_governance,https://legacy.ched.gov.ph/wp-content/uploads/2017/10/CMO-No.47-s2008.pdf,176873,2,true,false,downloaded
2008,48,"CMO No. 48, Series of 2008",Selective Transfer of Units Earned in Grades XI and XII to the General Education Courses in the Baccalaureate Programs,administrative_governance,https://legacy.ched.gov.ph/wp-content/uploads/2017/10/CMO-No.48-s2008.pdf,702371,3,true,false,downloaded
2008,49,"CMO No. 49, Series of 2008",Project W.A.T.C.H. – An Advocacy Movement for Punctuality and Honesty,administrative_governance,https://legacy.ched.gov.ph/wp-content/uploads/2017/10/CMO-No.49-s2008.pdf,43929,2,true,false,downloaded
2008,50,"CMO No. 50, Series of 2008",Policies and Standards for Bachelor of Science in Accounting Technology (BSAcT),curriculum_program,https://legacy.ched.gov.ph/wp-content/uploads/2017/10/CMO-No.50-s2008.pdf,4083407,174,true,false,downloaded
2008,51,"CMO No. 51, Series of 2008","Amendment to CMO No. 32 s. 2008, Revised Guidelines for the CHED Best Higher Education Institution (HEI) Research Program Award",curriculum_college,https://legacy.ched.gov.ph/wp-content/uploads/2017/10/CMO-No.51-s2008.pdf,27112,1,true,false,downloaded
2008,52,"CMO No. 52, Series of 2008",Assignments of the Members of the Commission on Policy Formulation,administrative_governance,https://legacy.ched.gov.ph/wp-content/uploads/2017/10/CMO-No.52-s2008.pdf,39246,2,true,false,downloaded
2008,53,"CMO No. 53, Series of 2008",Amendments to CHED Memorandum Order No. 47 series of 2008 Re: Search for the Best Student Services Program Award,administrative_governance,https://legacy.ched.gov.ph/wp-content/uploads/2017/10/CMO-No.53-s2008.pdf,41336,2,true,false,downloaded
2009,1,"CMO No. 01, Series of 2009",Withdrawal of CMO No. 5 s.2008 (Policies and Standards for the Bachelor of Science in Nursing Program),curriculum_program,https://legacy.ched.gov.ph/wp-content/uploads/2017/10/CMO-No.01-s2009.pdf,32056,1,true,false,downloaded
2009,2,"CMO No. 02, Series of 2009",Identified Centers of Excellence (COEs) and Centers of Development (CODs) in Business and Management,curriculum_college,https://legacy.ched.gov.ph/wp-content/uploads/2017/10/CMO-No.02-s2009.pdf,63872,2,true,false,downloaded
2009,3,"CMO No. 03, Series of 2009",Second Batch of Centers of Excellence and Centers of Development in Agricultural Education,curriculum_college,https://legacy.ched.gov.ph/wp-content/uploads/2017/10/CMO-No.03-s2009.pdf,79170,2,true,false,downloaded
2009,4,"CMO No. 04, Series of 2009","Implementing Guidelines for the “One Town, One Scholar” Scholarship Program",scholarship_student_services,https://legacy.ched.gov.ph/wp-content/uploads/2017/10/CMO-No.04-s2009.pdf,149415,5,true,false,downloaded
2009,5,"CMO No. 05, Series of 2009",Reiteration of and Addendum to CHED Memorandum Order No. 4 Series of 2009: “Observance of Simple Graduation Rites in All Higher Education Institutions,curriculum_college,https://legacy.ched.gov.ph/wp-content/uploads/2017/10/CMO-No.05-s2009.pdf,64052,2,true,false,downloaded
2009,6,"CMO No. 06, Series of 2009",Guidelines for the 2008 PGMA Academic Excellence Award,administrative_governance,https://legacy.ched.gov.ph/wp-content/uploads/2017/10/CMO-No.06-s2009.pdf,49688,2,true,false,downloaded
2009,7,"CMO No. 07, Series of 2009","Rules and Regulations Governing the Setting and Approval of Policies, Standards and Guidelines for Programs and Higher Education Institutions pursuant to Section 8(d) of RA 7722",curriculum_program,https://legacy.ched.gov.ph/wp-content/uploads/2017/10/CMO-No.07-s2009.pdf,343799,12,true,false,downloaded
2009,8,"CMO No. 08, Series of 2009",Revised Policies and Guidelines for the Expanded Tertiary Education Equivalency and Accreditation Program (ETEEAP) pursuant to Executive Order (EO) 330,administrative_governance,https://legacy.ched.gov.ph/wp-content/uploads/2017/10/CMO-No.08-s2009.pdf,314747,8,true,false,downloaded
2009,9,"CMO No. 09, Series of 2009",Approved Categories of Institutions Assessed under the Institutional Quality Assurance through the Monitoring and Evaluation (IQUAME) in the Second Semester of 2008,administrative_governance,https://legacy.ched.gov.ph/wp-content/uploads/2017/10/CMO-No.09-s2009.pdf,52998,2,true,false,downloaded
2009,10,"CMO No. 10, Series of 2009",Revised Guidelines for the CHED Research and Publications (Republica) Awards,administrative_governance,https://legacy.ched.gov.ph/wp-content/uploads/2017/10/CMO-No.10-s2009.pdf,108463,4,true,false,downloaded
2009,11,"CMO No. 11, Series of 2009","Amendment of Section 8 Article III of CMO No. 52, series 2007",administrative_governance,https://legacy.ched.gov.ph/wp-content/uploads/2017/10/CMO-No.11-s2009.pdf,93483,5,true,false,downloaded
2009,12,"CMO No. 12, Series of 2009",Revised Guidelines for CHED Support for Paper Presentations in International Conferences,administrative_governance,https://legacy.ched.gov.ph/wp-content/uploads/2017/10/CMO-No.12-s2009.pdf,117459,4,true,false,downloaded
2009,13,"CMO No. 13, Series of 2009",Guidelines for CHED Accreditation of Research Journals and Providing Incentives Therefore,administrative_governance,https://legacy.ched.gov.ph/wp-content/uploads/2017/10/CMO-No.13-s2009.pdf,80916,3,true,false,downloaded
2009,14,"CMO No. 14, Series of 2009",Policies and Guidelines for Bachelor of Science in Nursing (BSN) Program,curriculum_program,https://legacy.ched.gov.ph/wp-content/uploads/2017/10/CMO-No.14-s2009.pdf,3853353,127,true,false,downloaded
2009,15,"CMO No. 15, Series of 2009","Guidelines Implementing the Study Grant Program for Barangay Officials and Their Legitimate Children Dependents to Implement Section 393, Paragraph 4 of the Local Government Code, The Inclusion of the Sangguniang Kabataan Officials for the Study Grant per Section 343 of The Same Code, Amending CHED Order No. 62, S. 1997",curriculum_college,https://legacy.ched.gov.ph/wp-content/uploads/2017/10/CMO-No.15-s2009.pdf,108365,4,true,false,downloaded
2009,16,"CMO No. 16, Series of 2009",Rules and Regulations Governing the Search for President of State Universities and Colleges (SUCs),curriculum_college,https://legacy.ched.gov.ph/wp-content/uploads/2017/10/CMO-No.16-s2009.pdf,357119,12,true,false,downloaded
2009,17,"CMO No. 17, Series of 2009","Compliance with CHED’s Policies, Standards and Guidelines and Other Issuances on the Offering of Degree Programs",curriculum_program,https://legacy.ched.gov.ph/wp-content/uploads/2017/10/CMO-No.17-s2009.pdf,38336,1,true,false,downloaded
2009,18,"CMO No. 18, Series of 2009",Partial List of Identified National Universities and Colleges of Agriculture and Fisheries (NUCAF) and Provincial Institutes for Agriculture and Fisheries (PIAF) Schools under the National Agriculture and Fisheries Education System (NAFES),administrative_governance,https://legacy.ched.gov.ph/wp-content/uploads/2017/10/CMO-No.18-s2009.pdf,48632,2,true,false,downloaded
2009,19,"CMO No. 19, Series of 2009","Search for the Best Higher Education Institution Implementing Drug Education, Prevention and Control Program",curriculum_college,https://legacy.ched.gov.ph/wp-content/uploads/2017/10/CMO-No.19-s2009.pdf,61018,2,true,false,downloaded
2009,20,"CMO No. 20, Series of 2009",Policies and Standards for Bachelor of Arts in Broadcasting,curriculum_program,https://legacy.ched.gov.ph/wp-content/uploads/2017/10/CMO-No.20-s2009.pdf,579707,19,true,false,downloaded
2009,21,"CMO No. 21, Series of 2009",AY 2009-2010 Higher Education data/Information Collection,administrative_governance,https://legacy.ched.gov.ph/wp-content/uploads/2017/10/CMO-No.21-s2009.pdf,113011,3,true,false,downloaded
2009,22,"CMO No. 22, Series of 2009",Centers of Excellence/Centers of Development (COE/COD) in Nursing Education,curriculum_college,https://legacy.ched.gov.ph/wp-content/uploads/2017/10/CMO-No.22-s2009.pdf,33056,1,true,false,downloaded
2009,23,"CMO No. 23, Series of 2009",Guidelines for Student Internship Program in the Philippines (SIPP) for all Programs with Practicum Subject,scholarship_student_services,https://legacy.ched.gov.ph/wp-content/uploads/2017/10/CMO-No.23-s2009.pdf,240031,7,true,false,downloaded
2009,24,"CMO No. 24, Series of 2009",Guidelines for Student Internship Abroad Program (SIAP) for all Programs with Practicum Subject,scholarship_student_services,https://legacy.ched.gov.ph/wp-content/uploads/2017/10/CMO-No.24-s2009.pdf,396635,12,true,false,downloaded
2009,25,"CMO No. 25, Series of 2009",Central Guidelines for the Conduct of Random Drug Testing (RDT) for Tertiary Students,scholarship_student_services,https://legacy.ched.gov.ph/wp-content/uploads/2017/10/CMO-No.25-s2009.pdf,464711,10,true,false,downloaded
2009,26,"CMO No. 26, Series of 2009",Revised Implementing Guidelines of the Commission on Higher Education-Faculty Development Programs (CHED-FDPs) Phase 2,administrative_governance,https://legacy.ched.gov.ph/wp-content/uploads/2017/10/CMO-No.26-s2009.pdf,496462,13,true,false,downloaded
2009,27,"CMO No. 27, Series of 2009","Guidelines Implementing Section 24 of the Manual of Regulations for Private Higher Education of 2008, Re: Establishment of Extension Classes/Academic Programs",curriculum_college,https://legacy.ched.gov.ph/wp-content/uploads/2017/10/CMO-No.27-s2009.pdf,190011,5,true,false,downloaded
2009,28,"CMO No. 28, Series of 2009","Amendment to CMO No. 26, Series of 2008 Entitled “Guidelines for the Implementation of the Student Assistance Fund for Education (SaFE) for Scholarship Program",scholarship_student_services,https://legacy.ched.gov.ph/wp-content/uploads/2017/10/CMO-No.28-s2009.pdf,28782,1,true,false,downloaded
2009,29,"CMO No. 29, Series of 2009",Revised Implementing Guidelines for the CHED Student Financial Assistance Programs (StuFAPS),scholarship_student_services,https://legacy.ched.gov.ph/wp-content/uploads/2017/10/CMO-No.29-s2009.pdf,265114,9,true,false,downloaded
2009,30,"CMO No. 30, Series of 2009",Applicability of the Manual of Regulations for Private Higher Education (MORPHE) of 2008 to State Universities and Colleges (SUCs) and Local Universities and Colleges (LUCs),curriculum_college,https://legacy.ched.gov.ph/wp-content/uploads/2017/10/CMO-No.30-s2009.pdf,72058,2,true,false,downloaded
2009,31,"CMO No. 31, Series of 2009",Guidelines for the Implementation and Support for National Universities and Colleges of Agriculture and Fisheries (NUCAFs) and Provincial Institutes of Agriculture and Fisheries (PIAFs),administrative_governance,https://legacy.ched.gov.ph/wp-content/uploads/2017/10/CMO-No.31-s2009.pdf,213627,6,true,false,downloaded
2009,32,"CMO No. 32, Series of 2009",Additional Fifteen (15) National Universities and Colleges for Agriculture and Fisheries (NUCAFs) and Seventy-Six (76) Provincial Institute for Agriculture and Fisheries (PIAFs) Under the National Agriculture and Fisheries Education System (NAFES),administrative_governance,https://legacy.ched.gov.ph/wp-content/uploads/2017/10/CMO-No.32-s2009.pdf,179624,6,true,false,downloaded
2009,33,"CMO No. 33, Series of 2009",Integration of Environmental Education in the Tertiary Education Curriculum Particularly the Civic Welfare and Training Service Component of the National Service Training Program,administrative_governance,https://legacy.ched.gov.ph/wp-content/uploads/2017/10/CMO-No.33-s2009.pdf,91748,5,true,false,downloaded
2009,34,"CMO No. 34, Series of 2009",Identified Centers of Development (CODs) in Business and Management,curriculum_college,https://legacy.ched.gov.ph/wp-content/uploads/2017/10/CMO-No.34-s2009.pdf,61836,2,true,false,downloaded
2009,35,"CMO No. 35, Series of 2009",Policies and Standards (PS) for the Degree of Bachelor of Science in Sanitary Engineering (BSSE),curriculum_program,https://legacy.ched.gov.ph/wp-content/uploads/2017/10/CMO-No.35-s2009.pdf,4081573,140,true,false,downloaded
2009,36,"CMO No. 36, Series of 2009","Second Batch of Center of development in Engineering (Ceramic, Chemical and Computer Engineering Programs)",administrative_governance,https://legacy.ched.gov.ph/wp-content/uploads/2017/10/CMO-No.36-s2009.pdf,61562,2,true,false,downloaded
2009,37,"CMO No. 37, Series of 2009",Approved Categories of Institutions Assessed under the Institutional Quality Assurance through Monitoring and Evaluation (IQUAME) in 2009,administrative_governance,https://legacy.ched.gov.ph/wp-content/uploads/2017/10/CMO-No.37-s2009.pdf,44694,2,true,false,downloaded
2009,38,"CMO No. 38, Series of 2009",Second Batch of Centers of Excellence in Forestry,curriculum_college,https://legacy.ched.gov.ph/wp-content/uploads/2017/10/CMO-No.38-s2009.pdf,28562,1,true,false,downloaded
2009,39,"CMO No. 39, Series of 2009",Identified Centers of Development (CODs) in Criminology Program,curriculum_college,https://legacy.ched.gov.ph/wp-content/uploads/2017/10/CMO-No.39-s2009.pdf,45052,2,true,false,downloaded
2009,40,"CMO No. 40, Series of 2009",Cost-sharing Scheme between CHED and HEIs in the Conduct of Institutional Quality Assurance through Monitoring and Evaluation (IQuAME) Visit,curriculum_college,https://legacy.ched.gov.ph/wp-content/uploads/2017/10/CMO-No.40-s2009.pdf,48258,2,true,false,downloaded
2009,41,"CMO No. 41, Series of 2009",Guidelines for the Implementation and Support to Centers of Excellence (COEs) and Centers of Development (CODs) for Agriculture Education,curriculum_college,https://legacy.ched.gov.ph/wp-content/uploads/2017/10/CMO-No.41-s2009.pdf,296583,9,true,false,downloaded
2009,42,"CMO No. 42, Series of 2009",Implementing Rules and Regulations (IRR) for CMO No. 13 S. 2009 “Guidelines for CHED Accreditation of Research Journals and Providing Incentives Therefore,administrative_governance,https://legacy.ched.gov.ph/wp-content/uploads/2017/10/CMO-No.42-s2009.pdf,133711,5,true,false,downloaded
2009,43,"CMO No. 43, Series of 2009",Identified Centers of Excellence and Centers of Development in Science and Mathematics,curriculum_college,https://legacy.ched.gov.ph/wp-content/uploads/2017/10/CMO-No.43-s2009.pdf,27856,1,true,false,downloaded
2009,44,"CMO No. 44, Series of 2009",Collegiate Academic Calendar for AY 2010 – 2011,administrative_governance,https://legacy.ched.gov.ph/wp-content/uploads/2017/10/CMO-No.44-s2009.pdf,94112,3,true,false,downloaded
2009,45,"CMO No. 45, Series of 2009",Policies and Guidelines on the Conferment of Honorary Degrees by Higher Education Institution (HEIs),curriculum_college,https://legacy.ched.gov.ph/wp-content/uploads/2017/10/CMO-No.45-s2009.pdf,168347,3,true,false,downloaded
2009,46,"CMO No. 46, Series of 2009",Second Batch of Center of Development in Electronics Engineering Program,administrative_governance,https://legacy.ched.gov.ph/wp-content/uploads/2017/10/CMO-No.46-s2009.pdf,60010,1,true,false,downloaded
2009,47,"CMO No. 47, Series of 2009","Amendment to CHED Memorandum Order No. 15, Series of 2004 “Moratorium on the Opening of New Maritime Programs",administrative_governance,https://legacy.ched.gov.ph/wp-content/uploads/2017/10/CMO-No.47-s2009.pdf,446550,1,true,false,downloaded
2010,1,"CMO No. 01, Series of 2010",Policies and Standards for Master of Science in Fisheries Program (MSFi),curriculum_program,https://legacy.ched.gov.ph/wp-content/uploads/2017/10/CMO-No.01-s2010.pdf,917600,21,true,false,downloaded
2010,2,"CMO No. 02, Series of 2010","Appeal to HEIs for Flexibility in the Implementation of the “No Permit, No Examination Policy”, or any such Policy that Prohibits Students from Taking their Periodic or Final Examinations due to Unpaid Tuition and Other School Fees",curriculum_college,https://legacy.ched.gov.ph/wp-content/uploads/2017/10/CMO-No.02-s2010.pdf,94062,2,true,false,downloaded
2010,3,"CMO No. 03, Series of 2010",Extension of Scholarship and/or Financial Assistance Programs to Qualified Dependents of Philippine Veterans,scholarship_student_services,https://legacy.ched.gov.ph/wp-content/uploads/2017/10/CMO-No.03-s2010.pdf,78988,2,true,false,downloaded
2010,4,"CMO No. 04, Series of 2010",Second Batch of Center of Development in Engineering (Civil and Sanitary Engineering Programs),administrative_governance,https://legacy.ched.gov.ph/wp-content/uploads/2017/10/CMO-No.04-s2010.pdf,99294,2,true,false,downloaded
2010,5,"CMO No. 05, Series of 2010",Reiteration of CHED Memorandum Order No. 5 series of 2009: Observance of Simple Graduation Rites in all Higher Education Institution,curriculum_college,https://legacy.ched.gov.ph/wp-content/uploads/2017/10/CMO-No.05-s2010.pdf,46826,1,true,false,downloaded
2010,6,"CMO No. 06, Series of 2010",Policies and Standards for Bachelor of Public Administration (BPA) Program,curriculum_program,https://legacy.ched.gov.ph/wp-content/uploads/2017/10/CMO-No.06-s2010.pdf,970520,23,true,false,downloaded
2010,7,"CMO No. 07, Series of 2010","Revised Policies, Standards and Guidelines for Graduate Program Information Technology Education (ITE)",curriculum_program,https://legacy.ched.gov.ph/wp-content/uploads/2017/10/CMO-No.07-s2010.pdf,1363019,29,true,false,downloaded
2010,8,"CMO No. 08, Series of 2010",Revised Guidelines for the Outstanding Higher Education Institution (HEI) Extension Program Award,curriculum_college,https://legacy.ched.gov.ph/wp-content/uploads/2017/10/CMO-No.08-s2010.pdf,279403,6,true,false,downloaded
2010,9,"CMO No. 09, Series of 2010",CHED Accredited Research Journals”,administrative_governance,https://legacy.ched.gov.ph/wp-content/uploads/2017/10/CMO-No.09-s2010.pdf,139475,3,true,false,downloaded
2010,10,"CMO No. 10, Series of 2010",Policies and Standards for Bachelor of Arts in Communication Programs,curriculum_program,https://legacy.ched.gov.ph/wp-content/uploads/2017/10/CMO-No.10-s2010.pdf,,,,,not_downloaded
2010,11,"CMO No. 11, Series of 2010",Policies and Standards for Bachelor of Science in Social Work Program,curriculum_program,https://legacy.ched.gov.ph/wp-content/uploads/2017/10/CMO-No.11-s2010.pdf,1646027,29,true,false,downloaded
2010,12,"CMO No. 12, Series of 2010",Policies and Standards for Diploma in Journalism and Master of Arts in Journalism Programs,curriculum_program,https://legacy.ched.gov.ph/wp-content/uploads/2017/10/CMO-No.12-s2010.pdf,883440,19,true,false,downloaded
2010,13,"CMO No. 13, Series of 2010",Policies and Standards for Master of Arts in Broadcasting,curriculum_program,https://legacy.ched.gov.ph/wp-content/uploads/2017/10/CMO-No.13-s2010.pdf,810399,16,true,false,downloaded
2010,14,"CMO No. 14, Series of 2010",Policies and Standards for Bachelor of Arts in Journalism,curriculum_program,https://legacy.ched.gov.ph/wp-content/uploads/2017/10/CMO-No.14-s2010.pdf,1366050,22,true,false,downloaded
2010,15,"CMO No. 15, Series of 2010",Policies and Standards for Bachelor of Science in Development Communication Program,curriculum_program,https://legacy.ched.gov.ph/wp-content/uploads/2017/10/CMO-No.15-s2010.pdf,1370826,24,true,false,downloaded
2010,16,"CMO No. 16, Series of 2010",Policies and Standards for Bachelor of Arts in History Program,curriculum_program,https://legacy.ched.gov.ph/wp-content/uploads/2017/10/CMO-No.16-s2010.pdf,1120991,17,true,false,downloaded
2010,17,"CMO No. 17, Series of 2010",Revised Guidelines for CHED Visiting Research Fellowships,administrative_governance,https://legacy.ched.gov.ph/wp-content/uploads/2017/10/CMO-No.17-s2010.pdf,211631,5,true,false,downloaded
2010,18,"CMO No. 18, Series of 2010",Approved Categories of Institution Assessed under the Institutional Quality Assurance through Monitoring and Evaluation (IQUAME) in the Quarter of 2009 and 1st Half of 2010,administrative_governance,https://legacy.ched.gov.ph/wp-content/uploads/2017/10/CMO-No.18-s2010.pdf,59012,2,true,false,downloaded
2010,19,"CMO No. 19, Series of 2010",Implementing Guidelines for the Selection of Centers of Development and Centers of Excellence in Maritime Education,curriculum_college,https://legacy.ched.gov.ph/wp-content/uploads/2017/10/CMO-No.19-s2010.pdf,921244,19,true,false,downloaded
2010,20,"CMO No. 20, Series of 2010",Revised Guidelines to CMO No. 13 S. 2005 “Policies Standards and Guidelines for Maritime Education (2005 Revision),administrative_governance,https://legacy.ched.gov.ph/wp-content/uploads/2017/10/CMO-No.20-s2010.pdf,243539,5,true,false,downloaded
2010,21,"CMO No. 21, Series of 2010",Additional Centers of Excellence and Centers of Development in Biology,curriculum_college,https://legacy.ched.gov.ph/wp-content/uploads/2017/10/CMO-No.21-s2010.pdf,56570,1,true,false,downloaded
2010,22,"CMO No. 22, Series of 2010",Enhanced Guidelines for Student Internship Abroad Program (SIAP) for all Programs with Practicum Subject,scholarship_student_services,https://legacy.ched.gov.ph/wp-content/uploads/2017/10/CMO-No.22-s2010.pdf,667894,13,true,false,downloaded
2010,23,"CMO No. 23, Series of 2010","Implementing Guidelines in the Inclusion of Foreign Languages as Electives, in the Curricula of Higher Education Programs",administrative_governance,https://legacy.ched.gov.ph/wp-content/uploads/2017/10/CMO-No.23-s2010.pdf,92050,2,true,false,downloaded
2010,24,"CMO No. 24, Series of 2010",Centers of Excellence (COEs) and Centers of Development (CODs) for Teacher Education,curriculum_college,https://legacy.ched.gov.ph/wp-content/uploads/2017/10/CMO-No.24-s2010.pdf,152145,3,true,false,downloaded
2010,25,"CMO No. 25, Series of 2010",Additional Seven (7) Provincial Institutes for Agriculture (PIAs) under the National Agriculture and Fisheries Education System (NAFES),administrative_governance,https://legacy.ched.gov.ph/wp-content/uploads/2017/10/CMO-No.25-s2010.pdf,59443,2,true,false,downloaded
2010,26,"CMO No. 26, Series of 2010",AY 2010/11 Higher Education Data/Information Collection,administrative_governance,https://legacy.ched.gov.ph/wp-content/uploads/2017/10/CMO-No.26-s2010.pdf,173365,3,true,false,downloaded
2010,27,"CMO No. 27, Series of 2010",Second Batch of Center of Development in Electrical Industrial and Mechanical Engineering Programs,administrative_governance,https://legacy.ched.gov.ph/wp-content/uploads/2017/10/CMO-No.27-s2010.pdf,98148,3,true,false,downloaded
2010,28,"CMO No. 28, Series of 2010",Systems and Procedures for the Joint CHED-PRC Inspection and Evaluation of Higher Education Institution offering Board Programs,curriculum_college,https://legacy.ched.gov.ph/wp-content/uploads/2017/10/CMO-No.28-s2010.pdf,199517,5,true,false,downloaded
2010,29,"CMO No. 29, Series of 2010",Additional Center of Excellence in Biology and Centers of Development in Environmental Science,curriculum_college,https://legacy.ched.gov.ph/wp-content/uploads/2017/10/CMO-No.29-s2010.pdf,56394,1,true,false,downloaded
2010,30,"CMO No. 30, Series of 2010",Revised Guidelines for the CHED Best Higher Education Institution (HEI) Research Program (BHERP) Award,curriculum_college,https://legacy.ched.gov.ph/wp-content/uploads/2017/10/CMO-No.30-s2010.pdf,180525,4,true,false,downloaded
2010,32,"CMO No. 32, Series of 2010","Moratorium on the Opening of all undergraduate and graduate programs in Business Administration, Nursing, Teacher Education, Hotel and Restaurant Management and Information Technology Education Effective School Year 2011-2012",curriculum_program,https://legacy.ched.gov.ph/wp-content/uploads/2017/10/CMO-No.32-s2010.pdf,140109,3,true,false,downloaded
2010,33,"CMO No. 33, Series of 2010",Centers of Excellence (COEs) and Centers of Development (CODs) for Teacher Education,curriculum_college,https://legacy.ched.gov.ph/wp-content/uploads/2017/10/CMO-No.33-s2010.pdf,131835,3,true,false,downloaded
2010,34,"CMO No. 34, Series of 2010","Clarificatory Guidelines for the Suspension of Classes in Higher Education Institution (HEIs) due to Typhoons / Storms, Flooding, and Other Weather Disturbances",curriculum_college,https://legacy.ched.gov.ph/wp-content/uploads/2017/10/CMO-No.34-s2010.pdf,45704,1,true,false,downloaded
2010,35,"CMO No. 35, Series of 2010",Accomplishment and Submission of the Self-survey Forms for State Universities and Colleges (SUCs) Levelling,curriculum_college,https://legacy.ched.gov.ph/wp-content/uploads/2017/10/CMO-No.35-s2010.pdf,389508,15,true,false,downloaded
2010,36,"CMO No. 36, Series of 2010",Identified Centers of Development (CODs) in Programs under Business and Management Cluster,curriculum_college,https://legacy.ched.gov.ph/wp-content/uploads/2017/10/CMO-No.36-s2010.pdf,101605,3,true,false,downloaded
2010,37,"CMO No. 37, Series of 2010",Guidelines in the Conduct of Practicum (On-the-Job Training and Community Immersion) Requirement for BS Criminology Students,curriculum_program,https://legacy.ched.gov.ph/wp-content/uploads/2017/10/CMO-No.37-s2010.pdf,375893,8,true,false,downloaded
2010,38,"CMO No. 38, Series of 2010",Policies and Standards for Undergraduate Programs in Psychology,curriculum_program,https://legacy.ched.gov.ph/wp-content/uploads/2017/10/CMO-No.38-s2010.pdf,917133,20,true,false,downloaded
2010,39,"CMO No. 39, Series of 2010",Policies and Standards for Graduate Programs in Psychology,curriculum_program,https://legacy.ched.gov.ph/wp-content/uploads/2017/10/CMO-No.39-s2010.pdf,675238,15,true,false,downloaded
2010,40,"CMO No. 40, Series of 2010",Implementing Guidelines on the Joint CHED-PRC Circular No.1 s.2010 on the Authority to Operate Board Programs,administrative_governance,https://legacy.ched.gov.ph/wp-content/uploads/2017/10/CMO-No.40-s2010.pdf,345532,3,true,false,downloaded
2010,41,"CMO No. 41, Series of 2010",CHED Priority Research Areas in the Social Science,administrative_governance,https://legacy.ched.gov.ph/wp-content/uploads/2017/10/CMO-No.41-s2010.pdf,116339,2,true,false,downloaded
2010,42,"CMO No. 42, Series of 2010",CHED Priority Research Areas in the Natural Science,administrative_governance,https://legacy.ched.gov.ph/wp-content/uploads/2017/10/CMO-No.42-s2010.pdf,115837,2,true,false,downloaded
2010,43,"CMO No. 43, Series of 2010",Policies and Standards for Graduate Programs in Accountancy,curriculum_program,https://legacy.ched.gov.ph/wp-content/uploads/2017/10/CMO-No.43-s2010.pdf,1812424,20,true,false,downloaded
2011,1,"CMO No. 01, Series of 2011",Guidelines on Adoption of School Calendar,administrative_governance,https://legacy.ched.gov.ph/wp-content/uploads/2017/10/CMO-No.01-s2011.pdf,137915,3,true,false,downloaded
2011,2,"CMO No. 02, Series of 2011","Revised Guidelines in the Formulation of CHED Policies, Standards and Guidelines of Academic Programs, Amending CHED Special Order No. 42 Series of 2003 otherwise known as “Guidelines for the Formulation of Policies and Standards of Academic Programs",curriculum_program,https://legacy.ched.gov.ph/wp-content/uploads/2017/10/CMO-No.02-s2011.pdf,280656,9,true,false,downloaded
2011,3,"CMO No. 03, Series of 2011","Amendment to CMO No. 29, Series of 2009 Entitled “Revised Implementing Guidelines for the CHED Student Financial Assistance Programs (StuFAPs)",scholarship_student_services,https://legacy.ched.gov.ph/wp-content/uploads/2017/10/CMO-No.03-s2011.pdf,165379,6,true,false,downloaded
2011,4,"CMO No. 04, Series of 2011",CHED Priority Courses from SY 2011-2012 to SY 2015-2016,administrative_governance,https://legacy.ched.gov.ph/wp-content/uploads/2017/10/CMO-No.04-s2011.pdf,67801,3,true,false,downloaded
2011,5,"CMO No. 05, Series of 2011",Terms of Office for Technical Panels and Technical Committee (TP/TC) Chairpersons and Members,administrative_governance,https://legacy.ched.gov.ph/wp-content/uploads/2017/10/CMO-No.05-s2011.pdf,78084,1,true,false,downloaded
2011,6,"CMO No. 06, Series of 2011",Policies and Standards for Graduate Programs in Biology: Master of Science in Biology (M. Sc. Biology) and Master Biology (M. Biology),curriculum_program,https://legacy.ched.gov.ph/wp-content/uploads/2017/10/CMO-No.06-s2011.pdf,5216583,7,true,false,downloaded
2011,7,"CMO No. 07, Series of 2011",Policies and Standards for the Doctor of Philosophy in Biology (Regular and Straight Ph.D. Biology Programs),curriculum_program,https://legacy.ched.gov.ph/wp-content/uploads/2017/10/CMO-No.07-s2011.pdf,6861026,9,true,false,downloaded
2011,8,"CMO No. 08, Series of 2011",Policies and Standards for the Master of Science in Chemistry (M. Sc. Chemistry) and Master of Chemistry (M. Chemistry),curriculum_program,https://legacy.ched.gov.ph/wp-content/uploads/2017/10/CMO-No.08-s2011.pdf,20538664,24,true,false,downloaded
2011,9,"CMO No. 09, Series of 2011",Policies and Standards for the Doctor of Philosophy in Chemistry (Ph. D Chemistry),curriculum_program,https://legacy.ched.gov.ph/wp-content/uploads/2017/10/CMO-No.09-s2011.pdf,20745418,24,true,false,downloaded
2011,10,"CMO No. 10, Series of 2011",Policies and Standards for the Master of Science in Mathematics (M. Sc. Mathematics) Program,curriculum_program,https://legacy.ched.gov.ph/wp-content/uploads/2017/10/CMO-No.10-s2011.pdf,28974130,40,true,false,downloaded
2011,11,"CMO No. 11, Series of 2011",Policies and Standards for the Doctor of Philosophy in Mathematics (Ph. D Mathematics) Program,curriculum_program,https://legacy.ched.gov.ph/wp-content/uploads/2017/10/CMO-No.11-s2011.pdf,32356517,43,true,false,downloaded
2011,12,"CMO No. 12, Series of 2011",Policies and Standards for the Master of Science in Physics (M. Sc. Physics) Program,curriculum_program,https://legacy.ched.gov.ph/wp-content/uploads/2017/10/CMO-No.12-s2011.pdf,12572479,15,true,false,downloaded
2011,13,"CMO No. 13, Series of 2011, “Policies and Standards for the Doctor of Philosophy in Physics (Ph. D.) Program","CMO No. 13, Series of 2011, “Policies and Standards for the Doctor of Philosophy in Physics (Ph. D.) Program",curriculum_program,https://legacy.ched.gov.ph/wp-content/uploads/2017/10/CMO-No.13-s2011.pdf,12690173,16,true,false,downloaded
2011,14,"CMO No. 14, Series of 2011",List of CHED Accredited Partner Entities for the Student Internship Abroad Program (SIAP),scholarship_student_services,https://legacy.ched.gov.ph/wp-content/uploads/2017/10/CMO-No.14-s2011.pdf,156742,4,true,false,downloaded
2011,15,"CMO No. 15, Series of 2011",Extension of the Designation of Centers of Excellence and Centers of Development in Science and Mathematics,curriculum_college,https://legacy.ched.gov.ph/wp-content/uploads/2017/10/CMO-No.15-s2011.pdf,61755,2,true,false,downloaded
2011,16,"CMO No. 16, Series of 2011",Implementing Rules and Regulation in the Administration and Implementation of the Enhanced Study-Now-Pay-Later (E-SNPL),administrative_governance,https://legacy.ched.gov.ph/wp-content/uploads/2017/10/CMO-No.16-s2011.pdf,123987,6,true,false,downloaded
2011,17,"CMO No. 17, Series of 2011","Indefinite Suspension of the Implementation of CMO 22, s. 2010 “Enhanced Guidelines for Student Internship Abroad Program (SIAP) for all Programs with Practicum Subject” Effective Second Semester SY 2011-2012",scholarship_student_services,https://legacy.ched.gov.ph/wp-content/uploads/2017/10/CMO-No.17-s2011.pdf,34464,1,true,false,downloaded
2011,18,"CMO No. 18, Series of 2011","Amendments to Article XI-Sanctions of CMO No. 14, S.2009 “Policies and Standards for Bachelor of Science in Nursing (BSN) Program",curriculum_program,https://legacy.ched.gov.ph/wp-content/uploads/2017/10/CMO-No.18-s2011.pdf,225412,6,true,false,downloaded
2011,19,"CMO No. 19, Series of 2011","Amendment to CMO No. 31, Series of 2009 Entitled “Guidelines for the Implementation and Support for National Universities and Colleges of Agriculture and Fisheries (NUCAFs) and Provincial Institutes of Agriculture and Fisheries (PIAFs)",administrative_governance,https://legacy.ched.gov.ph/wp-content/uploads/2017/10/CMO-No.19-s2011.pdf,40614,1,true,false,downloaded
2011,20,"CMO No. 20, Series of 2011","Policies and Guidelines for the Use of Income, Special Trust Fund and Programs of Receipts and Expenditures of the State Universities and Colleges (SUCs)",curriculum_college,https://legacy.ched.gov.ph/wp-content/uploads/2017/10/CMO-No.20-s2011.pdf,754761,14,true,false,downloaded
2011,21,"CMO No. 21, Series of 2011",AY 2011-2012 Higher Education Data/Information Collection,administrative_governance,https://legacy.ched.gov.ph/wp-content/uploads/2017/10/CMO-No.21-s2011.pdf,119196,3,true,false,downloaded
2011,22,"CMO No. 22, Series of 2011","Policies, Standards and Guidelines (PSG) for the Graduate Programs in History",curriculum_program,https://legacy.ched.gov.ph/wp-content/uploads/2017/10/CMO-No.22-s2011.pdf,1249616,22,true,false,downloaded
2011,23,"CMO No. 23, Series of 2011","Policies, Standards and Guidelines for Bachelor of Physical Education Major in School P.E. (BPE-SPE) and Major in Sports and Wellness Management (BPE-SWM) Programs",curriculum_program,https://legacy.ched.gov.ph/wp-content/uploads/2017/10/CMO-No.23-s2011.pdf,1313043,26,true,false,downloaded
2011,24,"CMO No. 24, Series of 2011",Guidelines for CHED Visiting Research Fellowship Program,administrative_governance,https://legacy.ched.gov.ph/wp-content/uploads/2017/10/CMO-No.24-s2011.pdf,243587,5,true,false,downloaded
2011,25,"CMO No. 25, Series of 2011",CHED Accredited Research Journals,administrative_governance,https://legacy.ched.gov.ph/wp-content/uploads/2017/10/CMO-No.25-s2011.pdf,57672,2,true,false,downloaded
2011,26,"CMO No. 26, Series of 2011","Policies, Standards and Guidelines for the Master of Science in Development Communication Program",curriculum_program,https://legacy.ched.gov.ph/wp-content/uploads/2017/10/CMO-No.26-s2011.pdf,875092,16,true,false,downloaded
2011,27,"CMO No. 27, Series of 2011","Policies, Standards and Guidelines for the Master of Arts in Communication Program",curriculum_program,https://legacy.ched.gov.ph/wp-content/uploads/2017/10/CMO-No.27-s2011.pdf,784500,14,true,false,downloaded
2011,28,"CMO No. 28, Series of 2011","Policies, Standards and Guidelines for Bachelor of Science in Real Estate Management (BS REM)",curriculum_program,https://legacy.ched.gov.ph/wp-content/uploads/2017/10/CMO-No.28-s2011.pdf,671199,14,true,false,downloaded
2011,29,"CMO No. 29, Series of 2011","Policies, Standards and Guidelines for Speech – Language Pathology Education",curriculum_program,https://legacy.ched.gov.ph/wp-content/uploads/2017/10/CMO-No.29-s2011.pdf,524403,13,true,false,downloaded
2011,30,"CMO No. 30, Series of 2011","Extension of the Effectivity of Implementation of CMO No. 18, s.2011 Amendments to Article XI – Sanctions of CMO No. 14, s.2009 of Policies and Standards for Bachelor of Science in Nursing (BSN) Program",curriculum_program,https://legacy.ched.gov.ph/wp-content/uploads/2017/10/CMO-No.30-s2011.pdf,2380739,2,true,false,downloaded
2011,31,"CMO No. 31, Series of 2011","Policies, Standards and Guidelines for the Bachelor of Arts in Political Science Program",curriculum_program,https://legacy.ched.gov.ph/wp-content/uploads/2017/10/CMO-No.31-s2011.pdf,21980285,14,true,false,downloaded
2011,32,"CMO No. 32, Series of 2011","Policies, Standards and Guidelines for the Graduate Programs in Political Science",curriculum_program,https://legacy.ched.gov.ph/wp-content/uploads/2017/10/CMO-No.32-s2011.pdf,236323,6,true,false,downloaded
2011,33,"CMO No.33, Series of 2011",Amendment to CMO No. 44 series of 2007 titled “Submission of the Electronic Copy in CD-ROM of the Graduate Programs Theses/ Dissertations to the Commission on Higher Education,curriculum_program,https://legacy.ched.gov.ph/wp-content/uploads/2017/10/CMO-No.33-s2011.pdf,1522678,1,true,false,downloaded
2011,34,"CMO No. 34, Series of 2011","Policies, Standards and Guidelines for the Bachelor of Landscape Architecture (BLA)",curriculum_program,https://legacy.ched.gov.ph/wp-content/uploads/2017/10/CMO-No.34-s2011.pdf,611645,43,true,false,downloaded
2012,1,"CMO No. 01, Series of 2012",Model Embedment of TVET Competencies/ Qualifications in the Ladderized Bachelor of Science in Mechanical Engineering Program,curriculum_program,https://legacy.ched.gov.ph/wp-content/uploads/2017/10/CMO-No.01-s2012.pdf,404292,21,true,false,downloaded
2012,2,"CMO No. 02, Series of 2012",Implementing Guidelines on the Shipboard Training Requirement for the Bachelor of Science in Marine Transportation (BSMT) and Bachelor of Science in Marine Engineering (BSMarE) Programs,curriculum_program,https://legacy.ched.gov.ph/wp-content/uploads/2017/10/CMO-No.02-s2012.pdf,202677,9,true,false,downloaded
2012,3,"CMO No. 03, Series of 2012","Enhanced Policies, Guidelines and Procedures Governing Increases in Tuition and Other School Fees, Introduction of New Fees, and for other Purposes",scholarship_student_services,https://legacy.ched.gov.ph/wp-content/uploads/2017/10/CMO-No.03-s2012.pdf,250818,10,true,false,downloaded
2012,4,"CMO No. 04, Series of 2012",CHED Accredited Research Journals,administrative_governance,https://legacy.ched.gov.ph/wp-content/uploads/2017/10/CMO-No.04-s2012.pdf,32722,2,true,false,downloaded
2012,5,"CMO No. 05, Series of 2012",Revised Guidelines for CHED Accreditation of Research Journals and Providing Incentives Therefore,administrative_governance,https://legacy.ched.gov.ph/wp-content/uploads/2017/10/CMO-No.05-s2012.pdf,52935,3,true,false,downloaded
2012,6,"CMO No. 06, Series of 2012","Addendum to CMO 39, S. 2006 Entitled, Policies Standards and Guidelines for Bachelor of Science in Business Administration (BSBA) Prescribing Additional Electives on Service Management for Business Process Outsourcing",curriculum_program,https://legacy.ched.gov.ph/wp-content/uploads/2017/10/CMO-No.06-s2012-.pdf,159652,16,true,false,downloaded
2012,7,"CMO No. 07, Series of 2012","Amendment to CMO No. 29, Series of 2009 Titled “Revised Implementing Guidelines for the CHED Student Financial Assistance Programs (StuFAPs)",scholarship_student_services,https://legacy.ched.gov.ph/wp-content/uploads/2017/10/CMO-No.07-s2012.pdf,22198,1,true,false,downloaded
2012,8,"CMO No. 08, Series of 2012","Amendment on CMO No. 03, S. 2012, “Enhanced Policies, Guidelines and Procedures Governing Increases in Tuition and Other School Fees, Introduction of New Fees, and for Other Purposes",scholarship_student_services,https://legacy.ched.gov.ph/wp-content/uploads/2017/10/CMO-No.08-s2012.pdf,34171,2,true,false,downloaded
2012,9,"CMO No. 09, Series of 2012",Guidelines on the Grant and Allocation of the Disbursement Acceleration Fund of P4.28 Billion by the Commission on Higher Education for State Universities and Colleges (SUCs) in Support of the Reform Agenda for Public Higher Education (2011-2016),curriculum_college,https://legacy.ched.gov.ph/wp-content/uploads/2017/10/CMO-No.09-s2012.pdf,1355124,68,true,false,downloaded
2012,10,"CMO No. 10, Series of 2012",Extension of the Grant of Autonomous and Deregulated (A and D) Status of Existing Autonomous and Deregulated HEIs; and Evaluation of Pending Applications for: (1) The Grant of A and D Status; and (2) Upgrading of Autonomous from Deregulated Status,curriculum_college,https://legacy.ched.gov.ph/wp-content/uploads/2017/10/CMO-No.10-s2012.pdf,41097,2,true,false,downloaded
2012,11,"CMO No. 11, Series of 2012",Extension of Designation of Existing Centers of Excellence (COE) and Centers of Development (COD); and Evaluation of Pending Applications for: (1) Centers of Excellence and Centers of Development in the fields that have not gone through a second round of COE/COD Selection; and (2) Upgrading to Center of Excellence from Center of Development,curriculum_college,https://legacy.ched.gov.ph/wp-content/uploads/2017/10/CMO-No.11-s2012.pdf,35458,2,true,false,downloaded
2012,12,"CMO No. 12, Series of 2012","Guidelines for CHED Support for the Grants-In Aid to Students’ Participation in Leadership, Conferences and Seminars (GrasP)",administrative_governance,https://legacy.ched.gov.ph/wp-content/uploads/2017/10/CMO-No.12-s2012.pdf,490368,13,true,false,downloaded
2012,13,"CMO No. 13, Series of 2012","Supplemental Guidelines on CMO No. 17, Series 2011, Indefinite Suspension of the Implementation of CMO No. 22, S. 2010, “Enhanced Guidelines for Student Internship Abroad Program (SIAP) for All Programs with Practicum Subject” Effective Second Semester SY 2011-2012",scholarship_student_services,https://legacy.ched.gov.ph/wp-content/uploads/2017/10/CMO-No.13-s2012.pdf,595650,15,true,false,downloaded
2012,14,"CMO No. 14, Series of 2012",Identification of Centers of Excellence (COEs) and Centers of Development (CODs) in Business and Management,curriculum_college,https://legacy.ched.gov.ph/wp-content/uploads/2017/10/CMO-No.14-s2012.pdf,1039405,2,true,false,downloaded
2012,15,"CMO No. 15, Series of 2012","Amendment to CMO 34 s2010 titled “Clarificatory Guidelines for the Suspension of Classes in Higher Education Institutions (HEIs) due to Typhoons / Storms, Flooding and other Weather Disturbances",curriculum_college,https://legacy.ched.gov.ph/wp-content/uploads/2017/10/CMO-No.15-s2012.pdf,449854,2,true,false,downloaded
2012,16,"CMO No. 16, Series of 2012","Implementing Guidelines for the Identification, Support and Development of Centers of Excellence and Centers of Development for the Psychology Program",curriculum_college,https://legacy.ched.gov.ph/wp-content/uploads/2017/10/CMO-No.16-s2012.pdf,865202,13,true,false,downloaded
2012,17,"CMO No. 17, Series of 2012",Policies and Guidelines on Educational Tours and Field Trips of College and Graduate Students,administrative_governance,https://legacy.ched.gov.ph/wp-content/uploads/2017/10/CMO-No.17-s2012.pdf,411935,8,true,false,downloaded
2012,18,"CMO No. 18, Series of 2012",Updated List of Private Higher Education Institutions (HEIs) Granted Autonomous and Deregulated Status,curriculum_college,https://legacy.ched.gov.ph/wp-content/uploads/2017/10/CMO-No.18-s2012.pdf,240215,4,true,false,downloaded
2012,19,"CMO No. 19, Series of 2012","Implementing Guidelines for the Identification, Support and Development of Centers of Excellence and Centers of Development for the Communication and Development Communication Programs",curriculum_college,https://legacy.ched.gov.ph/wp-content/uploads/2017/10/CMO-No.19-s2012.pdf,1258400,23,true,false,downloaded
2012,20,"CMO No. 20, Series of 2012","Implementing Guidelines for the Identification, Support and Development of Centers of Excellence and Centers of Development for the Journalism Program",curriculum_college,https://legacy.ched.gov.ph/wp-content/uploads/2017/10/CMO-No.20-s2012.pdf,1181948,22,true,false,downloaded
2012,21,"CMO No. 21, Series of 2012",AY 2012/13 Higher Education Data /Information Collection,administrative_governance,https://legacy.ched.gov.ph/wp-content/uploads/2017/10/CMO-No.21-s2012.pdf,170983,3,true,false,downloaded
2012,22,"CMO No. 22, Series of 2012","Amendment to CMO No. 9, Series of 2012, Specifically Appendix ‘C’ Entitled “Guidelines on the Students’ Grants-In-Aid Program for Poverty Alleviation (SGP-PA) in the CHED Disbursement Acceleration Program",scholarship_student_services,https://legacy.ched.gov.ph/wp-content/uploads/2017/10/CMO-No.22-s2012.pdf,249455,5,true,false,downloaded
2012,23,"CMO No. 23, Series of 2012","Criteria and Implementing Guidelines for the Identification, Support, and Development of Centers of Excellence (COEs) and Centers of Development (CODs) for Philosophy Program",curriculum_college,https://legacy.ched.gov.ph/wp-content/uploads/2017/10/CMO-No.23-s2012.pdf,564072,13,true,false,downloaded
2012,24,"CMO No. 24, Series of 2012","Criteria and Implementing Guidelines for the Identification, Support, and Development of Centers of Excellence (COEs) and Centers of Development (CODs) for Music Program",curriculum_college,https://legacy.ched.gov.ph/wp-content/uploads/2017/10/CMO-No.24-s2012.pdf,641996,15,true,false,downloaded
2012,25,"CMO No. 25, Series of 2012","Criteria and Implementing Guidelines for the Identification, Support, and Development of Centers of Excellence (COEs) and Centers of Development (CODs) for Literature Program",curriculum_college,https://legacy.ched.gov.ph/wp-content/uploads/2017/10/CMO-No.25-s2012.pdf,663250,14,true,false,downloaded
2012,26,"CMO No. 26, Series of 2012","Criteria and Implementing Guidelines for the Identification, Support, and Development of Centers of Excellence (COEs) and Centers of Development (CODs) in Foreign Language",curriculum_college,https://legacy.ched.gov.ph/wp-content/uploads/2017/10/CMO-No.26-s2012.pdf,623922,14,true,false,downloaded
2012,27,"CMO No. 27, Series of 2012","Criteria and Implementing Guidelines for the Identification, Support, and Development of Centers of Excellence (COEs) and Centers of Development (CODs) for Filipino Program",curriculum_college,https://legacy.ched.gov.ph/wp-content/uploads/2017/10/CMO-No.27-s2012.pdf,688123,15,true,false,downloaded
2012,28,"CMO No. 28, Series of 2012","Criteria and Implementing Guidelines for the Identification, Support, and Development of Centers of Excellence (COEs) and Centers of Development (CODs) for English Program",curriculum_college,https://legacy.ched.gov.ph/wp-content/uploads/2017/10/CMO-No.28-s2012.pdf,592470,13,true,false,downloaded
2012,29,"CMO No. 29, Series of 2012","Implementing Guidelines for the Identification, Support and Development of Centers of Excellence and Centers of Development for Political Science Program",curriculum_college,https://legacy.ched.gov.ph/wp-content/uploads/2017/10/CMO-No.29-s2012-revised.pdf,781776,16,true,false,downloaded
2012,30,"CMO No. 30, Series of 2012","Criteria and Implementing Guidelines for the Identification, Support and Development of Centers of Excellence and Centers of Development for the History Program",curriculum_college,https://legacy.ched.gov.ph/wp-content/uploads/2017/10/CMO-No.30-s2012.pdf,610536,11,true,false,downloaded
2012,31,"CMO No. 31, Series of 2012",Temporary Moratorium on the Processing of New Applications and Openings of New Programs and Auxiliary Services through Transnational Education,administrative_governance,https://legacy.ched.gov.ph/wp-content/uploads/2017/10/CMO-No.31-s2012.pdf,54966,1,true,false,downloaded
2012,32,"CMO No. 32, Series of 2012","Implementing Guidelines for the Identification, Support and Development of Centers of Excellence (COE) and Centers of Development (COD) for the Sociology Program",curriculum_college,https://legacy.ched.gov.ph/wp-content/uploads/2017/10/CMO-No.32-s2012.pdf,802154,13,true,false,downloaded
2012,33,"CMO No. 33, Series of 2012","Addendum to CMO No. 18, Series of 2012, otherwise known as “Updated List of Higher Education Institutions (HEIs) Granted Autonomous and Deregulated Status",curriculum_college,https://legacy.ched.gov.ph/wp-content/uploads/2017/10/CMO-No.33-s2012.pdf,67276,1,true,false,downloaded
2012,34,"CMO No. 34, Series of 2012","Addendum to CMO No. 53, Series of 2006, Revised Policies, Standards and Guideline for Information Technology Education (ITE) Programs Prescribing Specialization Track on Service Management for Business Process Outsourcing",curriculum_program,https://legacy.ched.gov.ph/wp-content/uploads/2017/10/CMO-No.34-s2012.pdf,225816,10,true,false,downloaded
2012,35,"CMO No. 35, Series of 2012",Supplemental Implementing Guidelines on Cascading Performance Targets of State Universities and Colleges (SUCs) in line with Executive Order (EO) No. 80 Series of 2012,curriculum_college,https://legacy.ched.gov.ph/wp-content/uploads/2017/10/CMO-No.35-s2012.pdf,107575,3,true,false,downloaded
2012,36,"CMO No. 36, Series of 2012",CHED Accredited Research Journals,administrative_governance,https://legacy.ched.gov.ph/wp-content/uploads/2017/10/CMO-No.36-s2012.pdf,39171,2,true,false,downloaded
2012,37,"CMO No. 37, Series of 2012","Policies, Standards and Guidelines in the Establishment of an Outcomes-Based Education (OBE) System in Higher Education Institutions offering Engineering Programs",curriculum_program,https://legacy.ched.gov.ph/wp-content/uploads/2017/10/CMO-No.37-s2012.pdf,211512,6,true,false,downloaded
2012,38,"CMO No. 38, Series of 2012",Acceptance of the Grantees for AY 2012-2013 under the Students’ Grant-In-Aid Program for Poverty Alleviation (SGP-PA) Under the CHED Disbursement Acceleration Program (DAP) by the Three (3) State Universities and Colleges (SUCs) in CHEDRO-XI,curriculum_college,https://legacy.ched.gov.ph/wp-content/uploads/2017/10/CMO-No.38-s2012.pdf,33533,1,true,false,downloaded
2012,39,"CMO No. 39, Series of 2012","Implementing Guidelines for the Identification, Support and Development of Centers of Excellence and Centers of Development for the Broadcasting Program",curriculum_college,https://legacy.ched.gov.ph/wp-content/uploads/2017/10/CMO-No.39-s2012.pdf,1668341,23,false,false,downloaded
2012,40,"CMO No. 40, Series of 2012","Request of the University of the Philippines – Diliman, relative to the Revisions of the Guidelines for the Implementation of the following: (1) Student Loan Program – COE, CHED Order No. 5, series of 2000; and (2) Student Assistance Fund Education (SAFE), CMO No. 25, series of 2008",administrative_governance,https://legacy.ched.gov.ph/wp-content/uploads/2017/10/CMO-No.40-s2012.pdf,82090,2,true,false,downloaded
2012,41,"CMO No. 41, Series of 2012",Model Embedment of TVET Competencies / Qualifications in the Ladderized Bachelor of Science in Medical Technology / Bachelor of Science in Medical Laboratory Science Program,curriculum_program,https://legacy.ched.gov.ph/wp-content/uploads/2017/10/CMO-No.41-s2012.pdf,185824,17,true,false,downloaded
2012,42,"CMO No. 42, Series of 2012",Procedures for Accreditation of Affiliation Centers Providing Clinical Training Programs for Occupational Therapy Interns,administrative_governance,https://legacy.ched.gov.ph/wp-content/uploads/2017/10/CMO-No.42-s2012.pdf,148499,15,true,false,downloaded
2012,43,"CMO No. 43, Series of 2012",Procedures for Accreditation of Affiliation Centers Providing Clinical Training Programs for Physical Therapy Interns,administrative_governance,https://legacy.ched.gov.ph/wp-content/uploads/2017/10/CMO-No.43-s2012.pdf,339716,11,true,false,downloaded
2012,44,"CMO No. 44, Series of 2012","Addendum to CMO No. 11, Series of 2012 entitled, ‘Extension of the Designation of Existing Centers of Excellence (COEs) and Centers of Development (CODs); and Evaluation of Pending Applications for 1) COEs and CODs in Fields that have not gone through Second Round of Selection; and Upgrading to COE and COD",curriculum_college,https://legacy.ched.gov.ph/wp-content/uploads/2017/10/CMO-No.44-s2012.pdf,1251066,8,true,false,downloaded
2012,45,"CMO No. 45, Series of 2012","Implementing Guidelines for the Identification, Support and Development of Centers of Excellence (COEs) and Centers of Development (CODs) for the Anthropology Program",curriculum_college,https://legacy.ched.gov.ph/wp-content/uploads/2017/10/CMO-No.45-s2012.pdf,958932,15,false,false,downloaded
2012,46,"CMO No. 46, Series of 2012",Policy-Standard to Enhance Quality Assurance (QA) in Philippine Higher Education through an Outcomes-Based and Typology-Based QA,administrative_governance,https://legacy.ched.gov.ph/wp-content/uploads/2017/10/CMO-No.46-s2012.pdf,5617734,80,true,false,downloaded
2012,47,"CMO No. 47, Series of 2012",Centers of Excellence and Centers of Development for the Communication and Development Communication Program,curriculum_college,https://legacy.ched.gov.ph/wp-content/uploads/2017/10/CMO-No.47-s2012.pdf,576714,1,true,false,downloaded
2012,48,"CMO No. 48, Series of 2012","Criminal Justice Education: Policies, Standards and Guidelines for the Bachelor of Forensic Science Program",curriculum_program,https://legacy.ched.gov.ph/wp-content/uploads/2017/10/CMO-No.48-s2012.pdf,4102309,83,true,false,downloaded
2012,49,"CMO No. 49, Series of 2012",Centers of Excellence and Centers of Development for the Political Science Program,curriculum_college,https://legacy.ched.gov.ph/wp-content/uploads/2017/10/CMO-No.49-s2012.pdf,408819,1,true,false,downloaded
2012,50,"CMO No. 50, Series of 2012",Centers of Excellence for the Psychology Program,curriculum_college,https://legacy.ched.gov.ph/wp-content/uploads/2017/10/CMO-No.50-s2012.pdf,442121,1,true,false,downloaded
2012,51,"CMO No. 51, Series of 2012",Centers of Excellence for the Sociology Program,curriculum_college,https://legacy.ched.gov.ph/wp-content/uploads/2017/10/CMO-No.51-s2012.pdf,405479,1,true,false,downloaded
2012,52,"CMO No. 52, series of 2012","Implementing Guidelines for the Identification, Support and Development of Centers of Excellence (COE) and Centers of Development (COD) for the Social Work Program",curriculum_college,https://legacy.ched.gov.ph/wp-content/uploads/2017/10/CMO-No.52-s2012.pdf,384178,13,true,false,downloaded
2012,53,"CMO No. 53, Series of 2012",Revised Policies and Guidelines on the Conferment of Honorary Doctorate Degrees by Higher Education Institutions (HEIs),curriculum_college,https://legacy.ched.gov.ph/wp-content/uploads/2017/10/CMO-No.53-s2012.pdf,2759927,4,true,false,downloaded
2012,54,"CMO No. 54, Series of 2012",Acceptance of Grantees for AY 2012-2013 under the Students’ Grants-In-Aid Program for Poverty Alleviation (SGP-PA) in the CHED Disbursement Acceleration Program (DAP) by Mindoro State College of Agriculture and Technology (MINSCAT) and Caraga State University (CSU),scholarship_student_services,https://legacy.ched.gov.ph/wp-content/uploads/2017/10/CMO-No.54-s2012.pdf,425856,1,true,false,downloaded
2012,55,"CMO No. 55, Series of 2012","Upgrading of Technological Institute of the Philippines (TIP), Quezon City and Manila Campuses as Centers of Excellence (COE) in Information Technology (ITE)",curriculum_college,https://legacy.ched.gov.ph/wp-content/uploads/2017/10/CMO-No.55-s2012.pdf,303832,1,true,false,downloaded
2012,56,"CMO No. 56, Series of 2012",Revised Implementing Guidelines for the Student Financial Assistance Programs (StuFAPs) of the Commission on Higher Education (CHED),scholarship_student_services,https://legacy.ched.gov.ph/wp-content/uploads/2017/10/CMO-No.56-s2012.pdf,547580,12,true,false,downloaded
2013,1,"CMO No. 01, Series of 2013",Inclusion of Nine (9) State Universities and Colleges (SUCs) Authorized to Accept Grantees for AY 2012-2013 under the Students’ Grants-In-Aid Program for Poverty Alleviation (SGP-PA) in the CHED Disbursement Acceleration Program (DAP),curriculum_college,https://legacy.ched.gov.ph/wp-content/uploads/2017/10/CMO-No.01-s2013.pdf,26221,1,true,false,downloaded
2013,2,"CMO No. 02, Series of 2013",Centers of Excellence and Centers of Development for the Anthropology Program,curriculum_college,https://legacy.ched.gov.ph/wp-content/uploads/2017/10/CMO-No.02-s2013.pdf,61316,1,true,false,downloaded
2013,3,"CMO No. 03, Series of 2013",Centers of Excellence for the Broadcasting Program,curriculum_college,https://legacy.ched.gov.ph/wp-content/uploads/2017/10/CMO-No.03-s2013.pdf,376207,1,true,false,downloaded
2013,4,"CMO No. 04, Series of 2013",Centers of Excellence for the Journalism Program,curriculum_college,https://legacy.ched.gov.ph/wp-content/uploads/2017/10/CMO-No.04-s2013.pdf,411254,1,true,false,downloaded
2013,5,"CMO No. 05, Series of 2013",Model Embedment of TVET Competencies / Qualifications for Ladderized Bachelor of Science in Midwifery Education Program,curriculum_program,https://legacy.ched.gov.ph/wp-content/uploads/2017/10/CMO-No.05-s2013.pdf,238043,11,true,false,downloaded
2013,6,"CMO No. 06, Series of 2013","Guidelines for Grants and Proposals of Center of Excellence / Center of Development in Communication, Journalism and Broadcasting",administrative_governance,https://legacy.ched.gov.ph/wp-content/uploads/2017/10/CMO-No.06-s2013.pdf,78212,7,true,false,downloaded
2013,7,"CMO No. 07, Series of 2013",Guidelines for Grants and Proposals of Center of Excellence / Center of Development in Psychology,administrative_governance,https://legacy.ched.gov.ph/wp-content/uploads/2017/10/CMO-No.07-s2013.pdf,192640,18,true,false,downloaded
2013,8,"CMO No. 08, Series of 2013","Centers of Excellence (COEs) and Centers of Development (CODs) for the Philosophy, Music, Literature, Foreign Language, Filipino and English Programs",curriculum_college,https://legacy.ched.gov.ph/wp-content/uploads/2017/10/CMO-No.08-s2013.pdf,59624,3,true,false,downloaded
2013,9,"CMO No. 09, Series of 2013",Enhanced Policies and Guidelines on Student Affairs and Services,administrative_governance,https://legacy.ched.gov.ph/wp-content/uploads/2017/10/CMO-No.09-s2013.pdf,2834095,14,true,false,downloaded
2013,10,"CMO No. 10, Series of 2013",Guidelines for Center of Excellence / Center of Development Grants and Proposals in Sociology,administrative_governance,https://legacy.ched.gov.ph/wp-content/uploads/2017/10/CMO-No.10-s2013.pdf,80231,6,true,false,downloaded
2013,11,"CMO No. 11, Series of 2013","Addendum to CMO No. 39 s2006 Policies, Standards and Guidelines for Bachelor of Science in Business Administration Prescribing Specialization Track on Business Analytics",curriculum_program,https://legacy.ched.gov.ph/wp-content/uploads/2017/10/CMO-No.11-s2013.pdf,1084386,21,true,false,downloaded
2013,12,"CMO No. 12, Series of 2013","Addendum to CMO No.53 s2006 Policies, Standards and Guidelines for Information Technology Education (ITE) Programs Prescribing Specialization Track on Business Analytics",curriculum_program,https://legacy.ched.gov.ph/wp-content/uploads/2017/10/CMO-No.12-s2013.pdf,7873442,19,true,false,downloaded
2013,13,"CMO No. 13, Series of 2013","Policies, Standards and Guidelines (PSG) for the Bachelor of Science in Marine Transportation Program",curriculum_program,https://legacy.ched.gov.ph/wp-content/uploads/2017/10/CMO-No.13-s2013.pdf,950005,23,true,false,downloaded
2013,14,"CMO No. 14, Series of 2013","Policies, Standards and Guidelines (PSG) for the Bachelor of Science in Marine Engineering Program",curriculum_program,https://legacy.ched.gov.ph/wp-content/uploads/2017/10/CMO-No.14-s2013.pdf,948329,23,true,false,downloaded
2013,15,"CMO No. 15, Series of 2013",AY 2013/14 Higher Education Data/Information Collection,administrative_governance,https://legacy.ched.gov.ph/wp-content/uploads/2017/10/CMO-No.15-s2013.pdf,61405,3,true,false,downloaded
2013,16,"CMO No. 16, Series of 2013",Guidelines for the Implementation of the Student Agribusiness Enterprise Loan Fund (SALF),administrative_governance,https://legacy.ched.gov.ph/wp-content/uploads/2017/10/CMO-No.16-s2013.pdf,2280093,7,true,false,downloaded
2013,17,"CMO No. 17, Series of 2013","Enhanced Policies and Guidelines for the Certification, Authentication and Verification (CAV) of School Documents",administrative_governance,https://legacy.ched.gov.ph/wp-content/uploads/2017/10/CMO-No.17-s2013.pdf,2386498,15,true,false,downloaded
2013,18,"CMO No. 18, Series of 2013",Amendment to the Guidelines for the Implementation and Support for National Universities and Colleges of Agriculture and Fisheries (NUCAFs) and Provincial Institutes of Agriculture and Fisheries (PIAFs),administrative_governance,https://legacy.ched.gov.ph/wp-content/uploads/2017/10/CMO-No.18-s2013.pdf,1237659,3,true,false,downloaded
2013,19,"CMO No. 19, Series of 2013",Implementing Guidelines for the Sajahatra Bangsamoro Study Grant Program (SBGP),administrative_governance,https://legacy.ched.gov.ph/wp-content/uploads/2017/10/CMO-No.19-s2013.pdf,1692756,6,true,false,downloaded
2013,20,"CMO No. 20, Series of 2013","General Education Curriculum: Holistic Understandings, Intellectual and Civic Competencies",administrative_governance,https://legacy.ched.gov.ph/wp-content/uploads/2017/10/CMO-No.20-s2013.pdf,1847599,30,true,false,downloaded
2013,21,"CMO No. 21, Series of 2013",Model Embedment of TVET Competencies/ Qualifications in the Ladderized Bachelor of Science in Respiratory Therapy Program,curriculum_program,https://legacy.ched.gov.ph/wp-content/uploads/2017/10/CMO-No.-21-s2013.pdf,194197,8,true,false,downloaded
2013,22,"CMO No. 22, Series of 2013","Revised Policies, Standards and Guidelines (PSGs) on Student Internship Abroad Program (SIAP)",curriculum_program,https://legacy.ched.gov.ph/wp-content/uploads/2017/10/CMO-No.-22-s2013.pdf,5742243,28,true,false,downloaded
2013,23,"CMO No. 23, Series of 2013",Reformulated Guidelines for the CHED Research and Publication (Republica) Awards,administrative_governance,https://legacy.ched.gov.ph/wp-content/uploads/2017/10/CMO-No.-23-s2013.pdf,2776444,4,true,false,downloaded
2013,24,"CMO No.  24, Series of 2013",Guidelines for Grants and Proposals of Center of Excellence / Center of Development in Anthropology,administrative_governance,https://legacy.ched.gov.ph/wp-content/uploads/2017/10/CMO-No.-24-s2013.pdf,74559,6,true,false,downloaded
2013,25,"CMO No. 25, Series of 2013",Guidelines for Grants and Proposals of Center of Excellence / Center of Development in Political Science,administrative_governance,https://legacy.ched.gov.ph/wp-content/uploads/2017/10/CMO-No.-25-s2013.pdf,73594,5,true,false,downloaded
2013,26,"CMO No. 26, Series of 2013",CHED Accredited Research Journals,administrative_governance,https://legacy.ched.gov.ph/wp-content/uploads/2017/10/CMO-No.-26-s2013.pdf,42411,2,true,false,downloaded
2013,27,"CMO No. 27, Series of 2013",Rules and Procedures Implementing the CHED and Marina joint Monitoring of Maritime Education Programs offered by Maritime Higher Education Institutions,curriculum_college,https://legacy.ched.gov.ph/wp-content/uploads/2017/10/CMO-No.27-s2013.pdf,6516888,12,true,false,downloaded
2013,28,"CMO No. 28, Series of 2013","Policies, Standards and Guidelines for the Implementation of the Expanded Tertiary Education Equivalency and Accreditation Program (ETEEAP)",curriculum_program,https://legacy.ched.gov.ph/wp-content/uploads/2017/10/CMO-No.-28-s2013.pdf,4317851,9,true,false,downloaded
2013,29,"CMO No. 29, Series of 2013",Supplemental Implementing Guidelines on Cascading Performance Targets of State Universities and Colleges (SUCs) in line with Executive Order (EO) No. 80 series of 2012,curriculum_college,https://legacy.ched.gov.ph/wp-content/uploads/2017/10/CMO-No.-29-s2013.pdf,3207873,7,true,false,downloaded
2013,30,"CMO No. 30, Series of 2013",Model Embedment of TVET Competencies/ Qualifications in the Ladderized Bachelor of Science in Radiologic Technology Program,curriculum_program,https://legacy.ched.gov.ph/wp-content/uploads/2017/10/CMO-No.-30-s2013.pdf,221652,11,true,false,downloaded
2013,31,"CMO No. 31, Series of 2013","Amendments and Supplemental Policies, Standards and Guidelines to CMO 13 series of 2013",curriculum_program,https://legacy.ched.gov.ph/wp-content/uploads/2017/10/CMO-no.-31-SERIES-OF-2013.pdf,18894901,20,true,false,downloaded
2013,32,"CMO No. 32, Series of 2013","Amendments and Supplemental Policies, Standards and Guidelines to CMO 14 series of 2013",curriculum_program,https://legacy.ched.gov.ph/wp-content/uploads/2017/10/CMO-no.-32-SERIES-OF-20131.pdf,18850443,20,true,false,downloaded
2013,33,"CMO No. 33, Series of 2013",Policies and Guidelines on University Mobility in Asia and the Pacific (UMAP) Credit Transfer Scheme (UCTS),administrative_governance,https://legacy.ched.gov.ph/wp-content/uploads/2017/10/CMO-No.33-s2013.pdf,166918,10,true,false,downloaded
2013,34,"CMO No. 34, Series of 2013",Guidelines for Grants and Proposal for Centers of Development (COD) in Engineering,curriculum_college,https://legacy.ched.gov.ph/wp-content/uploads/2017/10/CMO-No.34-s2013.pdf,17168784,36,true,false,downloaded
2014,1,"CMO No. 01, Series of 2014",CHED Priority Courses for AY 2014-2015 to AY 2017-2018,administrative_governance,https://legacy.ched.gov.ph/wp-content/uploads/2017/10/CMO-01-2014.pdf,1163666,4,true,false,downloaded
2014,2,"CMO No. 02, Series of 2014","Policies, Standards and Guidelines for Bachelor of Science in Entertainment and Multimedia  Computing (BS EMC) Program",curriculum_program,https://legacy.ched.gov.ph/wp-content/uploads/2017/10/CMO-02-2014.pdf,14317193,36,true,false,downloaded
2014,3,"CMO No. 03, Series 2014",Guidelines for Grants and Proposals of Center of Excellence and Center of Development in  Philosophy,administrative_governance,https://legacy.ched.gov.ph/wp-content/uploads/2017/10/CMO-03-2014.pdf,68489,8,true,false,downloaded
2014,4,"CMO No. 04, Series of 2014",Guidelines for Grants and Proposals of Center of Excellence Center of Development in  English,administrative_governance,https://legacy.ched.gov.ph/wp-content/uploads/2017/10/CMO-04-2014.pdf,66435,7,true,false,downloaded
2014,5,"CMO No. 05, Series 2014",Panuntunan Sa Mga Proposal at Pagkakaloob ng Pondo Sa Mga Sentro ng Kahusayan (COE) at  Sentro ng Pagpapahusay (COD) sa Filipino,administrative_governance,https://legacy.ched.gov.ph/wp-content/uploads/2017/10/CMO-05-2014.pdf,57295,7,true,false,downloaded
2014,6,"CMO No. 06, Series of 2014",Guidelines for Grants and Proposals of Center of Excellence and Center of Development in  Literature,administrative_governance,https://legacy.ched.gov.ph/wp-content/uploads/2017/10/CMO-06-2014.pdf,70585,8,true,false,downloaded
2014,7,"CMO No. 07, Series of 2014",Guidelines for Grants and Proposals of Center of Excellence and Center of Development in  Music,administrative_governance,https://legacy.ched.gov.ph/wp-content/uploads/2017/10/CMO-07-2014.pdf,71085,8,true,false,downloaded
2014,8,"CMO No. 08, Series of 2014",Guidelines for Grants and Proposals of Center of Excellence and Center of Development in  Foreign Language,administrative_governance,https://legacy.ched.gov.ph/wp-content/uploads/2017/10/CMO-08-2014.pdf,79777,8,true,false,downloaded
2014,10,"CMO No. 10, Series of 2014",CHED Accredited Research Journals,administrative_governance,https://legacy.ched.gov.ph/wp-content/uploads/2017/10/CMO-10-2014.pdf,592062,2,true,false,downloaded
2014,11,"CMO No. 11, Series of 2014",Guidelines for Participation of Selected Higher Education Institutions (HEIs) in the ASEAN  International Mobility for Students (AIMS) Program,curriculum_college,https://legacy.ched.gov.ph/wp-content/uploads/2017/10/CMO-11-2014.pdf,133147,13,true,false,downloaded
2014,12,"CMO No. 12, Series of 2014",Guidelines in Accessing the Funds to Support Rehabilitation and Reconstruction Works and  Activities including Purchase of Equipment and other Instructional Materials for SUCs,curriculum_college,https://legacy.ched.gov.ph/wp-content/uploads/2017/10/CMO-12-2014.pdf,1802251,4,true,false,downloaded
2014,13,"CMO No. 13, Series of 2014","Revised Guidelines for the Implementation of StuFAPs, Effective AY 2014-2015",scholarship_student_services,https://legacy.ched.gov.ph/wp-content/uploads/2017/10/CMO-13-2014.pdf,1178043,9,true,false,downloaded
2014,14,"CMO No. 14, Series of 2014","AY 2014-2015, “Higher Education Data Information Collection",administrative_governance,https://legacy.ched.gov.ph/wp-content/uploads/2017/10/CMO-14-2014.pdf,1547662,4,true,false,downloaded
2014,15,"CMO No. 15, Series of 2014",CHED Accredited Research Journals,administrative_governance,https://legacy.ched.gov.ph/wp-content/uploads/2017/10/CMO-15-2014.pdf,943901,2,true,false,downloaded
2014,16,"CMO No. 16, series of 2014","Addendum to CMO No. 13, series of 2014 entitled Revised Guidelines for the Implementation of Student Financial Assistance Programs (StuFAPs), effective AY 2014-2015",scholarship_student_services,https://legacy.ched.gov.ph/wp-content/uploads/2017/10/CMO-16-2014.pdf,29839,1,true,false,downloaded
2014,17,"CMO No. 17, Series of 2014","Lifting of Moratorium on the Opening of Undergraduate and Graduate Programs in Business Administration, Hotel and Restaurant Management, and Information Technology",curriculum_program,https://legacy.ched.gov.ph/wp-content/uploads/2017/10/CMO-17-2014.pdf,58562,2,true,false,downloaded
2014,18,"CMO No. 18, Series of 2014",Installation of a Labor Market Information Corner in All Higher Education Institutions,curriculum_college,https://legacy.ched.gov.ph/wp-content/uploads/2017/10/CMO-18-2014.pdf,678490,1,true,false,downloaded
2014,19,"CMO No. 19, Series of 2014",Enhanced Policies and Guidelines on the Conferment of Honorary Doctorate Degrees by Higher Education Institutions (HEIs),curriculum_college,https://legacy.ched.gov.ph/wp-content/uploads/2017/10/CMO-19-2014.pdf,1426142,5,true,false,downloaded
2014,20,"CMO No. 20, Series of 2014",Revised Implementing Guidelines on the Approved Seagoing Service Requirement for the Conferment of the Degree in Bachelor of Science in Marine Transportation (BSMT) and Bachelor of Science in Marine Engineering (BSMarE) Programs,curriculum_program,https://legacy.ched.gov.ph/wp-content/uploads/2017/10/CMO-20-2014.pdf,122211,13,true,false,downloaded
2014,21,"CMO No. 21, Series of 2014",Extension of the Validity Period of the Autonomous and Deregulated Status Granted to Private Higher Education Institutions (PHEIs),curriculum_college,https://legacy.ched.gov.ph/wp-content/uploads/2017/10/CMO-21-2014.pdf,213035,1,true,false,downloaded
2014,22,"CMO No. 22, Series of 2014",Policies and Guidelines on Assistance to Students Severely affected in areas declared under the State of Calamity,scholarship_student_services,https://legacy.ched.gov.ph/wp-content/uploads/2017/10/CMO-22-2014.pdf,2499505,10,true,false,downloaded
2014,23,"CMO No. 23, Series of 2014",CHED Accredited Research Journals,administrative_governance,https://legacy.ched.gov.ph/wp-content/uploads/2017/10/CMO-23-2014.pdf,335190,2,true,false,downloaded
2015,1,CMO No. 1. Series of 2015,Establishing the Policies and Guidelines on Gender and Development in the Commission on Higher Education and Higher Education Institutions (HEIs),curriculum_college,https://legacy.ched.gov.ph/wp-content/uploads/2017/10/CMO-no.-01-s.-2015.pdf,6658694,33,true,false,downloaded
2015,2,"CMO No. 2, Series of 2015",Lifting Of Moratorium On The Offering Of Programs Via Transnational Education (TNE),administrative_governance,https://legacy.ched.gov.ph/wp-content/uploads/2017/10/CMO-No.-02-s.-2015.pdf,236279,2,true,false,downloaded
2015,3,"CMO No. 3, Series of 2015","Policy Reforms For The Grants-In-Aid Funds Of The Commission On Higher Education (CHED) For Research And Development, And Extension",scholarship_student_services,https://legacy.ched.gov.ph/wp-content/uploads/2017/10/CMO-no.-03-s.-2015.pdf,5236114,9,true,false,downloaded
2015,4,"CMO No. 4, Series of 2015",Eligibility Requirements For The Grant of 2014 Performance-Based Bonus (PBB) To Presidents Of State Universities and Colleges (SUCs),curriculum_college,https://legacy.ched.gov.ph/wp-content/uploads/2017/10/CMO-no.-04-s.-2015.pdf,451310,1,true,false,downloaded
2015,6,"CMO No. 6, Series of 2015","Amendment to CMO No. 51, s. 2007 – COE-COD for Agriculture",administrative_governance,https://legacy.ched.gov.ph/wp-content/uploads/2017/10/CMO-no.-06-s.-2015.pdf,1720388,60,false,false,downloaded
2015,7,"CMO No. 7, Series of 2015","Amendment to CMO No. 28, s. 2012 – COE-COD for English",administrative_governance,https://legacy.ched.gov.ph/wp-content/uploads/2017/10/CMO-no.-07-s.-2015.pdf,23489,2,true,false,downloaded
2015,8,"CMO No. 8, Series of 2015","Amendment to CMO No. 26, s. 2012 – COE-COD for Foreign Language",administrative_governance,https://legacy.ched.gov.ph/wp-content/uploads/2017/10/CMO-no.-08-s.-2015.pdf,40109,4,true,false,downloaded
2015,9,"CMO No. 9, Series of 2015","Amendment to CMO No. 25, s. 2012 – COE-COD for Literature",administrative_governance,https://legacy.ched.gov.ph/wp-content/uploads/2017/10/CMO-no.-09-s.-2015.pdf,24395,2,true,false,downloaded
2015,10,"CMO No. 10, Series of 2015","Amendment to CMO No. 24, s. 2012 – COE-COD for Music",administrative_governance,https://legacy.ched.gov.ph/wp-content/uploads/2017/10/CMO-no.-10-s.-2015.pdf,64715,6,true,false,downloaded
2015,11,"CMO No. 11, Series of 2015","Amendment to CMO No. 23, s. 2012 – COE-COD for Philosophy",administrative_governance,https://legacy.ched.gov.ph/wp-content/uploads/2017/10/CMO-no.-11-s.-2015.pdf,17577,1,true,false,downloaded
2015,12,"CMO No. 12, Series of 2015",Standards for the Selection of COE-COD for Science and Mathematics,administrative_governance,https://legacy.ched.gov.ph/wp-content/uploads/2017/10/CMO-no.-12-s.-2015.pdf,597058,60,true,false,downloaded
2015,13,"CMO No. 13, Series of 2015","Amendment to CMO No. 19, s. 2012 – COE-COD for Communication and Development Communication",administrative_governance,https://legacy.ched.gov.ph/wp-content/uploads/2017/10/CMO-no.-13-s.-2015.pdf,25739,2,true,false,downloaded
2015,14,"CMO No. 14, Series of 2015","Amendment to CMO No. 20, s. 2012 – COE-COD for Journalism",administrative_governance,https://legacy.ched.gov.ph/wp-content/uploads/2017/10/CMO-no.-14-s.-2015.pdf,1089071,2,true,false,downloaded
2015,15,"CMO No. 15, Series of 2015","Amendment to CMO No. 16, s. 2012 – COE-COD for Psychology",administrative_governance,https://legacy.ched.gov.ph/wp-content/uploads/2017/10/CMO-no.-15-s.-2015.pdf,651856,4,true,false,downloaded
2015,16,"CMO No. 16, Series of 2015","Amendment CMO No. 26, s. 2007 – COE-COD for Teacher Education",administrative_governance,https://legacy.ched.gov.ph/wp-content/uploads/2017/10/CMO-no.-16-s.-2015.pdf,46440,3,true,false,downloaded
2015,17,"CMO No. 17, Series of 2015",Revised Guidelines for COE/COD Engineering,administrative_governance,https://legacy.ched.gov.ph/wp-content/uploads/2017/10/CMO-no.-17-s.-2015.pdf,625538,42,true,false,downloaded
2015,18,"CMO No. 18, Series of 2015",Guidelines for CHED Research Chair Award,faculty_development,https://legacy.ched.gov.ph/wp-content/uploads/2017/10/CMO-no.-18-s.-2015.pdf,1931434,3,false,false,downloaded
2015,19,"CMO No. 19, Series of 2015",Operational Guidelines for the Implementation of the ASEAN International Mobility of Students (AIMS) Program,administrative_governance,https://legacy.ched.gov.ph/wp-content/uploads/2017/10/CMO-no.-19-s.-2015.pdf,10581904,22,false,false,downloaded
2015,20,"CMO No. 20, Series of 2015","Consolidated Policies, Standards and Guidelines for the Bachelor of Science in Marine Transportation (BSMT) and Bachelor of Science in Marine Egineering (BSMArE) Programs” with Annexes",curriculum_program,https://legacy.ched.gov.ph/wp-content/uploads/CMO-No.20_s-2015_Consolidated-PSG-BSMT-BSMarE.pdf,6525194,37,true,false,downloaded
2015,21,"CMO No. 21, Series of 2015",Extension of the Validity Period of Autonomous and Deregulated Status of Private HEIs and COEs and CODs Designation,curriculum_college,https://legacy.ched.gov.ph/wp-content/uploads/2017/10/CMO-no.-21-s.-2015.pdf,2235091,1,true,false,downloaded
2015,22,"CMO No. 22, Series of 2015",CHED Accredited Research Journals,administrative_governance,https://legacy.ched.gov.ph/wp-content/uploads/2017/10/CMO-No.-22-s-20151.pdf,1178964,2,true,false,downloaded
2015,23,"CMO No. 23, Series of 2015",AY 2015/16 Higher Education Data/Information Collection,administrative_governance,https://legacy.ched.gov.ph/wp-content/uploads/2017/10/CMO-no.-23-s.-2015.pdf,2183882,4,true,false,downloaded
2015,24,"CMO No. 24, Series of 2015","Revised Policies, Standards and Guidelines for the Bachelor of Library and Information Science (BLIS) Program",curriculum_program,https://legacy.ched.gov.ph/wp-content/uploads/2017/10/CMO-no.-24-s.-2015.pdf,438038,44,true,false,downloaded
2015,25,"CMO No. 25, Series of 2015","Revised Policies, Standards and Guidelines for Bachelor of Science in Computer Science (BSCS), Bachelor of Sciencein Information Systems (BSIS), and Bachelor of Science in Information Technology (BSIT) Programs",curriculum_program,https://legacy.ched.gov.ph/wp-content/uploads/2017/10/CMO-no.-25-s.-2015.pdf,632841,57,true,false,downloaded
2015,26,"CMO No. 26, Series of 2015","Policies, Guidelines and Procedures on International Education Trips (IET) of Undergraduate and Graduate Students",administrative_governance,https://legacy.ched.gov.ph/wp-content/uploads/2017/10/CMO-no.-26-s.-2015.pdf,3595088,12,true,false,downloaded
2015,27,"CMO No. 27, Series of 2015",Guidelines and Procedures on the Issuance of National Service Training Program (NSTP) Serial Numbers,administrative_governance,https://legacy.ched.gov.ph/wp-content/uploads/2017/10/CMO-no.-27-s.-2015.pdf,1795685,8,true,false,downloaded
2015,28,"CMO No. 28, Series of 2015","Policies, Standards and Guidelines for the Bachelor of Science in Naval Architecture and Marine Engineering (BSNAME) Program",curriculum_program,https://legacy.ched.gov.ph/wp-content/uploads/2017/10/CMO-no.-28-s.-2015.pdf,14244528,83,true,false,downloaded
2015,29,"CMO No. 29, Series of 2015",CHED Accredited Research Journals,administrative_governance,https://legacy.ched.gov.ph/wp-content/uploads/2017/10/CMO-no.-29-s.-2015.pdf,450136,1,true,false,downloaded
2015,30,"CMO No. 30, Series of 2015","Amendment to Financial Benefits of CMO No. 19, Series of 2013 “Implementing Guidelines for the Sajahatra Bangsamoro Study Grant Program (SBSGP)",administrative_governance,https://legacy.ched.gov.ph/wp-content/uploads/2017/10/CMO-no.-30-s.-2015.pdf,161596,1,true,false,downloaded
2015,32,"CMO No. 32, Series of 2015",Guidelines for Senoir High School (SHS) Program Implementation of State Universities and Colleges,curriculum_college,https://legacy.ched.gov.ph/wp-content/uploads/2017/10/CMO-no.-32-s.-2015.pdf,919933,5,true,false,downloaded
2015,33,"CMO No. 33, Series of 2015",Guidelines for Senoir High School (SHS) Program Implementation of Local Universities and Colleges,administrative_governance,https://legacy.ched.gov.ph/wp-content/uploads/2017/10/CMO-no.-33-s.-2015.pdf,2917762,6,true,false,downloaded
2015,35,"CMO No. 35, Series of 2015","Revised Policies, Standards and Guidelines of the BS Marine Engineering Bridging Program for the BS Mechanical Engineering, The BS Electrical Engineering and BS Electronics Engineering",curriculum_program,https://legacy.ched.gov.ph/wp-content/uploads/2017/10/CMO-no.-35-s.-2015.pdf,1936768,11,true,false,downloaded
2015,36,"CMO No. 36, Series of 2015",Extension of the Validity Period of Designated Centers of Excellence (COEs) for Music Program,curriculum_college,https://legacy.ched.gov.ph/wp-content/uploads/2017/10/CMO-no.-36-s.-2015.pdf,394278,1,true,false,downloaded
2015,37,"CMO No. 37, Series of 2015",Extension of the Validity Period of Designated Centers of Excellence (COEs) and Centers of Development (CODs) for Teacher Education and Selected Engineering Programs,curriculum_college,https://legacy.ched.gov.ph/wp-content/uploads/2017/10/CMO-no.-37-s.-2015.pdf,452486,1,true,false,downloaded
2015,38,"CMO No. 38, Series of 2015",Designated Centers of Excellence (COEs) and Centers of Development (CODs) for Various Disciplines,curriculum_college,https://legacy.ched.gov.ph/wp-content/uploads/2017/10/CMO-no.-38-s.-2015.pdf,9509701,26,true,false,downloaded
2016,1,"CMO No. 01, Series of 2016","Amendment to CMO No. 38, Series of 2015, Entitled ‘Designated Centers of Excellence (COEs) and Centers of Development (CODs) for Various Discipline",curriculum_college,https://legacy.ched.gov.ph/wp-content/uploads/2017/10/CMO-01-s.-2016.pdf,130664,1,true,false,downloaded
2016,2,"CMO No. 02, Series of 2016","Supplemental to CMO No. 38, Series of 2015, Entitled ‘Designated Centers of Excellence (COEs) and Centers of Development (CODs) for Various Disciplines’",curriculum_college,https://legacy.ched.gov.ph/wp-content/uploads/2017/10/CMO-02-s.-2016.pdf,145423,1,true,false,downloaded
2016,5,"CMO No. 05, Series of 2016","Amendments to the Guidelines on CMO No. 17 series of 2013 Date June 10, 2013 “Enhanced Policies and Guidelines for the Certification, Authentication and Verification (CAV) of School Documents”",administrative_governance,https://legacy.ched.gov.ph/wp-content/uploads/2017/10/CMO-05-s.-2016.pdf,2629624,8,true,false,downloaded
2016,6,"CMO No. 06, Series of 2016","Extension of the Validity Period of Autonomous and Deregulated Status of Private HEIs Effective January 1, 2016 until March 31, 2016 or earlier upon the Issuance of the Results of Evaluation of Applications for Vertical Typology",curriculum_college,https://legacy.ched.gov.ph/wp-content/uploads/2017/10/CMO-06-s.-2016.pdf,225376,1,true,false,downloaded
2016,7,"CMO No. 07, Series of 2016","Supplemental to CHED Memorandum Order No. 38, series of 2015, Entitled “Designated Centers of Excellence (C0Es) and Centers of Development (CODs) for Various Disciplines",curriculum_college,https://legacy.ched.gov.ph/wp-content/uploads/2017/10/CMO-07-s.-2016.pdf,487416,1,true,false,downloaded
2016,8,"CMO No. 08, Series of 2016",First Batch of Approved Delivering HEIs of the Scholarships for Graduate Studies in the K to 12 Transition Period,curriculum_college,https://legacy.ched.gov.ph/wp-content/uploads/2017/10/CMO-08-s.-2016.pdf,17169328,44,true,false,downloaded
2016,9,"CMO No. 09, Series of 2016",Guidelines for Senoir High School (SHS) Support Grants Under the K to 12 Transition Program,administrative_governance,https://legacy.ched.gov.ph/wp-content/uploads/2017/10/CMO-09-s.-2016.pdf,305235,12,false,false,downloaded
2016,10,"CMO No. 10, Series of 2016",Second Batch of Delivering HEIs of the Scholarships for Graduate Studies in the K to 12 Transition Period,curriculum_college,https://legacy.ched.gov.ph/wp-content/uploads/2017/10/CMO-10-s.-2016.pdf,6144884,11,false,false,downloaded
2016,11,"CMO No. 11, Series of 2016","Guidelines for Delivery of Instruction, Research and Sectoral Engagement (IRSE) Grants Under the K to12 Transition Program",administrative_governance,https://legacy.ched.gov.ph/wp-content/uploads/2017/10/CMO-11-s.-2016.pdf,4776432,6,true,false,downloaded
2016,12,"CMO No. 12, Series of 2016",Implementing Guidelines for Civil Society Partnerships Under The Sectoral Engagements Component of the IRSE Grants,faculty_development,https://legacy.ched.gov.ph/wp-content/uploads/2017/10/CMO-12-s.-2016.pdf,4416865,6,true,false,downloaded
2016,13,"CMO No. 13, Series of 2016",Implementing Guidelines for Industry Partnerships Under the Sectoral Engagements Component of the IRSE Grants,faculty_development,https://legacy.ched.gov.ph/wp-content/uploads/2017/10/CMO-13-s.-2016.pdf,3942072,6,true,false,downloaded
2016,14,"CMO No. 14, Series of 2016","Guidelines for Availing of Instruction, Research and Sectoral Engagement Grants Under the K to 12 Transition Program",administrative_governance,https://legacy.ched.gov.ph/wp-content/uploads/2017/10/CMO-14-s.-2016.pdf,8019494,10,true,false,downloaded
2016,15,"CMO No. 15, Series of 2016",Designated Centers of Excellence (COEs) and Centers of Development (CODs) for Engineering Programs,curriculum_college,https://legacy.ched.gov.ph/wp-content/uploads/2017/10/CMO-15-s.-2016.pdf,67157,5,true,false,downloaded
2016,16,"CMO No. 16, Series of 2016",Third Batch of Approved Delivering HEIs of the Scholarships for Graduate Studies in the K to 12 Transition Period,curriculum_college,https://legacy.ched.gov.ph/wp-content/uploads/2017/10/CMO-16-s.-2016.pdf,8563517,13,true,false,downloaded
2016,17,"CMO No. 17, Series of 2016",COEs CODs for Teacher Education,curriculum_college,https://legacy.ched.gov.ph/wp-content/uploads/2017/10/CMO-17-s.-2016.pdf,70647,4,true,false,downloaded
2016,18,"CMO No. 18, Series of 2016","Policies, Standards and Guidelines for Doctor of Medicine (M.D.) Program",curriculum_program,https://legacy.ched.gov.ph/wp-content/uploads/2017/10/CMO-18-s.-2016.pdf,9007296,45,true,false,downloaded
2016,19,"CMO No. 19, Series of 2016",Benefits and Responsibilities of Autonomous and Deregulated Private Higher Education Institutions,curriculum_college,https://legacy.ched.gov.ph/wp-content/uploads/2018/03/CMO-19-series-of-2016-AD-Benefits-Official.pdf,1102057,5,true,false,downloaded
2016,20,"CMO No. 20, Series of 2016",Private Higher Education Institutions Granted Autonomous and Deregulated Status,curriculum_college,https://legacy.ched.gov.ph/wp-content/uploads/2017/10/CMO-20-s.-2016.pdf,1102133,5,true,false,downloaded
2016,21,"CMO No. 21, Series of 2016",Guidelines for CHED Support for the Grants-In-AID to Undergraduate Filipino Students Participating in International Conferences and-or Seminars,scholarship_student_services,https://legacy.ched.gov.ph/wp-content/uploads/2017/10/CMO-21-s.-2016.pdf,4593508,17,true,false,downloaded
2016,22,"CMO No. 22, Series of 2016",Guidelines for Foreign Scholarships for Graduate Studies for Faculty and Staff during the K to 12 Transition Period,scholarship_student_services,https://legacy.ched.gov.ph/wp-content/uploads/2017/10/CMO-22-s.-2016.pdf,784121,19,false,false,downloaded
2016,23,"CMO No. 23, Series of 2016",Fourth Batch of Approved Delivering Higher Education Institutions (DHEIs) of the Scholarsips for Graduate Studies un the K to 12 Transition Period,curriculum_college,https://legacy.ched.gov.ph/wp-content/uploads/2017/10/CMO-23-s.-2016.pdf,940489,20,true,false,downloaded
2016,24,"CMO No. 24, Series of 2016","Transitory Provision to CMO No. 13, Series of 2014, For AY 2016-2017 and AY 2017-2018",administrative_governance,https://legacy.ched.gov.ph/wp-content/uploads/2017/10/CMO-24-s.-2016.pdf,545109,2,true,false,downloaded
2016,25,"CMO No. 25, Series of 2016",Guidelines for Professional Advancement and Postdoctoral Study Grants for Faculty and Staff During the K to 12 Transition Period,administrative_governance,https://legacy.ched.gov.ph/wp-content/uploads/2017/10/CMO-25-s.-2016.pdf,676839,19,false,false,downloaded
2016,26,"CMO No. 26, Series of 2016",First Batch of Approved Nominess for the Graduate Studies Scholarships for Faculty and Staff in the K to 12 Transition Period,scholarship_student_services,https://legacy.ched.gov.ph/wp-content/uploads/2017/10/CMO-26-s.-2016.pdf,2674374,186,true,false,downloaded
2016,27,"CMO No. 27, Series of 2016","Addendum to CMO No. 23 S. of 2016, Fourth Batch of Approved Delivering Higher Education Institutions (DHEIs) of the Scholarships for Graduate Studies in the K to 12 Transition Period",curriculum_college,https://legacy.ched.gov.ph/wp-content/uploads/2017/10/CMO-27-s.-2016.pdf,965634,7,true,false,downloaded
2016,28,"CMO No. 28, Series of 2016",Second Batch of Approved Nominees for the Graduate Studies Scholarships for Faculty and Staff in the K to 12 Transition Period,scholarship_student_services,https://legacy.ched.gov.ph/wp-content/uploads/2017/10/CMO-28-s.-2016.pdf,1776497,99,true,false,downloaded
2016,29,"CMO No. 29, Series of 2016",First Batch of Approved Nominees for IRSE Grants for the First Semester of AY 2016-2017,faculty_development,https://legacy.ched.gov.ph/wp-content/uploads/2017/10/CMO-29-s.-2016.pdf,4440163,10,false,false,downloaded
2016,30,"CMO No. 30, Series of 2016",Implementing Guidelines for the Scholarship Grant Program for Children and Dependents of Sugarcane Industry Workers and Small Sugarcane Farmers,scholarship_student_services,https://legacy.ched.gov.ph/wp-content/uploads/2017/10/CMO-30-s.-2016.pdf,118806,8,true,false,downloaded
2016,31,"CMO No. 31, Series of 2016",Release of Third Batch of Approved Nominees for Graduate Education Scholarships in the K to 12 Transition Period,scholarship_student_services,https://legacy.ched.gov.ph/wp-content/uploads/2017/10/CMO-31-s.-2016.pdf,1202778,24,true,false,downloaded
2016,32,"CMO No. 32, Series of 2016",Second Batch of Approved Nominees for IRSE Grants for the first Semester of AY 2016-2017,faculty_development,https://legacy.ched.gov.ph/wp-content/uploads/2017/10/CMO-32-s.-2016.pdf,5543755,6,false,false,downloaded
2016,33,"CMO No. 33, Series of 2016",Guidelines for Institutional Development and Innovation Grants Under the K to 12 Transition Program,curriculum_college,https://legacy.ched.gov.ph/wp-content/uploads/2017/10/CMO-33-s.-2016.pdf,7528941,24,true,false,downloaded
2016,34,"CMO No. 34, Series of 2016",Selective Crediting of SHS Subjects to College for SHS Graduates Entering College on AY-2016-17 and 2017-18,administrative_governance,https://legacy.ched.gov.ph/wp-content/uploads/2017/10/CMO-34-s.-2016.pdf,1466335,4,true,false,downloaded
2016,35,"CMO No. 35, Series of 2016",Guidelines for Operation of Senior High School (SHS) in State Universities and Colleges and Local Universities and Colleges,curriculum_college,https://legacy.ched.gov.ph/wp-content/uploads/2017/10/CMO-35-s.-2016.pdf,2167978,6,true,false,downloaded
2016,36,"CMO No. 36, Series of 2016",Guidelines on Graduate Education Scholarships for Faculty and Staff Development in the K to 12 Transition Period,scholarship_student_services,https://legacy.ched.gov.ph/wp-content/uploads/2017/10/CMO-36-s.-2016.pdf,2334972,8,true,false,downloaded
2016,37,"CMO No. 37, Series of 2016",Exemption of the Bachelor of Science in Marine Transportation (BSMT) and Bachelor of Science in Marine Engineering (BSMARE) Programs from the Expanded Tertiary Education Equivalency and Accreditation Program (ETEEAP),curriculum_program,https://legacy.ched.gov.ph/wp-content/uploads/2017/10/CMO-37-s.-2016.pdf,567651,3,true,false,downloaded
2016,38,"CMO No. 38, Series of 2016","Policies, Standards and Guidelines (PSG) for the Workshop Skills Training Ashore Under Annex A of CMO No. 20, Series of 2014 with Annexes",curriculum_program,https://legacy.ched.gov.ph/wp-content/uploads/2017/10/CMO-38-s.-2016.pdf,3328316,22,true,false,downloaded
2016,39,"CMO No. 39, Series of 2016",Guidelines for Start-Up Grants for Graduate Studies Abroad For Faculty and Staff During the K to 12 Transition,administrative_governance,https://legacy.ched.gov.ph/wp-content/uploads/2017/10/CMO-39-s.-2016.pdf,669055,11,false,false,downloaded
2016,40,"CMO No. 40, Series of 2016",Third Batch of Approved Nominees for IRSE Grants for the First Semester of AY 2016-2017,faculty_development,https://legacy.ched.gov.ph/wp-content/uploads/2017/10/CMO-40-s.-2016.pdf,1680590,4,true,false,downloaded
2016,41,"CMO No. 41, Series of 2016","Policies, Standards and Guidelines Governing the Sale, Merger or Consolidation of Private Higher Education Institutions in the Philippines",curriculum_program,https://legacy.ched.gov.ph/wp-content/uploads/2017/10/CMO-41-s.-2016.pdf,315345,17,false,false,downloaded
2016,42,"CMO No. 42, Series of 2016","Amendment to Article V, Sections 5 and 12 of CMO No. 32, Series of 2006, Entitled “Policies, Standards, and Guidelines on the Establishment and Operation of Local Colleges and Universities (LCUs)”",curriculum_program,https://legacy.ched.gov.ph/wp-content/uploads/2017/10/CMO-42-s.-2016.pdf,1294564,2,true,false,downloaded
2016,43,"CMO No. 43, Series of 2016",Guidelines for the Processing and Evaluation of Applications for NAFES Grants-In-Aids for Agriculture and Fisheries Education,scholarship_student_services,https://legacy.ched.gov.ph/wp-content/uploads/2017/10/CMO-43-s.-2016.pdf,1638433,3,true,false,downloaded
2016,44,"CMO No. 44, Series of 2016","Amending the Pertinent Provisions of Section 7. Mode of Payment in CMO No. 13 and 16, Series of 2014 Entitled “Revised Guidelines for the Implementation of StuFAPs AY 2014-2015”",scholarship_student_services,https://legacy.ched.gov.ph/wp-content/uploads/2017/10/CMO-44-s.-2016.pdf,1085032,2,true,false,downloaded
2016,45,"CMO No. 45, Series of 2016",Annual Higher Education Data – Information Collection,administrative_governance,https://legacy.ched.gov.ph/wp-content/uploads/2018/05/CMO-No.-45-Series-of-2016-Annual-Higher-Education-Data-Information-Collection.pdf,3196817,4,true,false,downloaded
2016,47,"CMO No. 47, Series of 2016",Strengthening the Protection of Religious Rights of Students in Higher Education Institutions,curriculum_college,https://legacy.ched.gov.ph/wp-content/uploads/2017/10/CMO-47-s.-2016.pdf,1746907,3,true,false,downloaded
2016,48,"CMO No. 48, Series of 2016","Amendment to CMO No. 14, Series of 2016 ‘Guidelines for Availing Sectoral Engagement Grants Under the K to 12 Transition Program’",administrative_governance,https://legacy.ched.gov.ph/wp-content/uploads/2017/10/CMO-48-s.-2016.pdf,3701742,10,true,false,downloaded
2016,49,"CMO No. 49, Series of 2016",Designated Delivering Higher Education Institutions for the Training of Trainors Under the Faculty Training for the New General Education (GE) Core Courses,curriculum_college,https://legacy.ched.gov.ph/wp-content/uploads/2017/11/CMO-No.-46-Series-of-2016.pdf,590805,1,true,false,downloaded
2016,50,"CMO No. 50, Series of 2016",Implementing Guidelines for the Faculty Training for the New General Education Core Courses: Training of GE Trainors,faculty_development,https://legacy.ched.gov.ph/wp-content/uploads/2017/10/CMO-50-s.-2016.pdf,3805993,9,true,false,downloaded
2016,51,"CMO No. 51, Series of 2016",Guidelines on Eligibility of Displaced HEI Personnel to the Grants Under the K to 12 Transition Program,curriculum_college,https://legacy.ched.gov.ph/wp-content/uploads/2017/10/CMO-51-s.-2016.pdf,829206,26,false,false,downloaded
2016,52,"CMO No. 52, Series of 2016","Pathways to Equity, Relevance and Advancement in Research, Innovation, and Extension in Philippine Higher Education",administrative_governance,https://legacy.ched.gov.ph/wp-content/uploads/2017/10/CMO-52-s.-2016.pdf,16785774,24,true,false,downloaded
2016,54,"CMO No. 54, Series of 2016","Revised Policies, Standards and Guidelines for the Implementation of the Expanded Tertiary Education Equivalency and Accreditation Program (ETEEAP) for Undergraduate Programs",curriculum_program,https://legacy.ched.gov.ph/wp-content/uploads/2017/10/CMO-54-s.-2016.pdf,202512,17,true,false,downloaded
2016,55,"CMO No. 55, Series of 2016",Policy Framework and Strategies on the Internationalization of Philippine Higher Education,administrative_governance,https://legacy.ched.gov.ph/wp-content/uploads/2017/10/CMO-55-s.-2016.pdf,5777331,23,true,false,downloaded
2016,56,"CMO No. 56, Series of 2016",New Procedures in the Processing of Applications for Government Authority to Operate Undergraduate and Graduate Degrees in Engineering,administrative_governance,https://legacy.ched.gov.ph/wp-content/uploads/2017/10/CMO-56-s.-2016.pdf,998828,2,true,false,downloaded
2016,57,"CMO No. 57, Series of 2016",Implementing Guidelines for the Engineering Faculty Training on Technopreneurship 101,faculty_development,https://legacy.ched.gov.ph/wp-content/uploads/2017/10/CMO-57-s.-2016.pdf,103213,12,true,false,downloaded
2016,58,"CMO No. 58, Series of 2016",Guidelines for the Expanded Students’ Grants-In-Aid Program for Poverty Alleviation (ESGP-PA) Award,scholarship_student_services,https://legacy.ched.gov.ph/wp-content/uploads/2017/10/CMO-58-s.-2016.pdf,350985,2,true,false,downloaded
2016,59,"CMO No. 59, Series of 2016","New Prescribed Template of Certification, Authentication and Verification (CAV) per CMO No.5 S. 2016 “Amendments to the Guidelines on CMO No. 17 s.2016 Dated June 10, 2013 “Enhanced Policies and Guidelines for the Certication, Authentication and Verification (CAV)”",administrative_governance,https://legacy.ched.gov.ph/wp-content/uploads/2017/10/CMO-59-s.-2016.pdf,1368241,5,true,false,downloaded
2016,60,"CMO No. 60, Series of 2016","Designated Delivering Higher Education Institutions for the Training of Trainors Under the Faculty Training for the New General Education (GE) Core Courses (January 4-20,2017)",curriculum_college,https://legacy.ched.gov.ph/wp-content/uploads/2017/10/CMO-60-s.-2016.pdf,1857578,1,true,false,downloaded
2016,61,"CMO No. 61, Series of 2016",Designated Delivering Higher Education Institutions for the CHED Engineering Faculty Training on Technopreneurship Trainers Training,curriculum_college,https://legacy.ched.gov.ph/wp-content/uploads/2017/10/CMO-61-s.-2016.pdf,200511,1,true,false,downloaded
2016,62,"CMO No. 62, Series of 2016","Policies, Standards and Guidelines (PSGs) for Transnational Education (TNE) Programs",curriculum_program,https://legacy.ched.gov.ph/wp-content/uploads/2017/10/CMO-62-s.-2016.pdf,4827347,24,true,false,downloaded
2016,63,"CMO No. 63, Series of 2016","Amendments to CMO No. 33, Series of 2016 “Guidelines for the Institutional Development and Innovation Grants under the K to 12 Transition Program”",curriculum_college,https://legacy.ched.gov.ph/wp-content/uploads/2017/10/CMO-63-s.-2016.pdf,3290638,9,true,false,downloaded
2017,1,"CMO No. 01, Series of 2017","Amendment to CHED Memorandum Order No. 4, Series of 2015 RE Eligibility Requirement for the Grant of 2014 Performance-Based Bonus (PBB) to Presidents of State University and Colleges",administrative_governance,https://legacy.ched.gov.ph/wp-content/uploads/2017/10/CMO-01-s-2017.pdf,698444,2,true,false,downloaded
2017,2,"CMO No. 02, Series of 2017","Amendment to CHED Memorandum Order No.4, Series of 2016: “Guidelines for Graduate Education Delivery for Scholarships for Graduate Studies – Local for Higher Education Institution (HEI) Teaching and Non-Teaching Personnel Under the K to 12 Transition Program”",curriculum_college,https://legacy.ched.gov.ph/wp-content/uploads/2017/10/CMO-02-s-2017.pdf,4550474,20,true,false,downloaded
2017,3,"CMO No. 03, Series of 2017","Further Amendments to CHED Memorandum No. 22, Series of 2016 as Amended by CMO No. 39, S. 2016: “Guidelines on the Start-up Grant for Foreign Studies Application and the Scholarships for Graduate Studies – Abroad for Higher Education Institution (HEI) Teaching and Non-Teaching Personnel under the K to 12 Transition Program”",curriculum_college,https://legacy.ched.gov.ph/wp-content/uploads/2017/10/CMO-03-s-2017.pdf,2189511,21,false,false,downloaded
2017,4,"CMO No. 04, Series of 2017","Further Amendments to CHED Memorandum No. 3, Series of 2016 as Amended by CMO No. 36, S. 2016: “Guidelines on Scholarships for Graduate Studies – Local for Higher Education Institution (HEI) Teaching and Non-Teaching Personnel under the K to 12 Transition Program”",curriculum_college,https://legacy.ched.gov.ph/wp-content/uploads/2017/10/CMO-04-s-2017.pdf,4440120,25,true,false,downloaded
2017,5,"CMO No. 05, Series of 2017",Suspension of the Administration of the National Veterinary Admission Test (NVAT) Effective Academic Year (AY) 2017-2018,administrative_governance,https://legacy.ched.gov.ph/wp-content/uploads/2017/10/CMO-05-s-2017.pdf,242755,1,true,false,downloaded
2017,6,"CMO No. 06, Series of 2017","Amendment to CMO No. 18, Series of 2015, Entitled Guidelines for CHED Research Chair Award",faculty_development,https://legacy.ched.gov.ph/wp-content/uploads/2017/10/CMO-06-s-2017.pdf,1054155,2,true,false,downloaded
2017,7,"CMO No. 07, Series of 2017",Guidelines for Implementation of CHED-British Council Joint Development of Niche Programmes Thru Philippine-United Kingdom Linkages Project,administrative_governance,https://legacy.ched.gov.ph/wp-content/uploads/CMO-No.-7-s.-2017-Guidelines-for-Implementation-of-CHED-British-Council-Joint-Development-of-Niche-Programmes-Thru-Philippine-United-Kingdom-Linkages-Project.pdf,1477776,8,true,false,downloaded
2017,8,"CMO No. 08, Series of 2017",Implementing Guidelines for the Faculty Training for the New General Education Core Courses: Second-Generation Training,faculty_development,https://legacy.ched.gov.ph/wp-content/uploads/2017/10/CMO-08-s-2017.pdf,2170019,10,true,false,downloaded
2017,9,"CMO No. 09, Series of 2017","Addendum to CMO No. 61, s. 2016 Designated Delivering Higher Education Institution for the CHED Engineering Faculty Training on Technopreneurship Trainers Training",curriculum_college,https://legacy.ched.gov.ph/wp-content/uploads/CMO-No.-9-s.-2017-Addendum-to-CMO-No.-61-s.-2016-Designated-Delivering-Higher-Education-Institution-for-the-CHED-Engineering-Faculty-Training-on-Technopreneurship-Trainers-Training.pdf,204218,1,true,false,downloaded
2017,10,"CMO No. 10, Series of 2017",Policy on Students Affected by the Implementation of the K to 12 Program and the New General Curriculum,administrative_governance,https://legacy.ched.gov.ph/wp-content/uploads/2017/10/CMO-10-s-2017.pdf,679947,2,true,false,downloaded
2017,11,"CMO No. 11, Series of 2017",Policy on Temporary Suspension of Processing Government Authorization to Operate Graduate Programs,curriculum_program,https://legacy.ched.gov.ph/wp-content/uploads/2017/10/CMO-11-s-2017.pdf,480800,1,true,false,downloaded
2017,13,"CMO No. 13, Series of 2017","Policies, Standards and Guidelines (PSGs) for the Bachelor of Science in Medical Technology or Medical Laboratory Science (BSMT or MLS) Program",curriculum_program,https://legacy.ched.gov.ph/wp-content/uploads/2017/10/CMO-13-s-2017.pdf,7683714,44,true,false,downloaded
2017,14,"CMO No. 14, Series of 2017","Policies, Standards and Guidelines (PSGs) for the Bachelor of Science in Nutrition and Dietetics (BSND) Program",curriculum_program,https://legacy.ched.gov.ph/wp-content/uploads/2017/10/CMO-14-s-2017.pdf,17378726,99,true,false,downloaded
2017,15,"CMO No. 15, Series of 2017","Policies, Standards and Guidelines (PSGs) for the Bachelor of Science in Nursing (BSN) Program",curriculum_program,https://legacy.ched.gov.ph/wp-content/uploads/2017/10/CMO-15-s-2017.pdf,11790475,63,true,false,downloaded
2017,17,"CMO No. 17, Series of 2017","Revised Policies, Standards and Guidelines (PSGs) for the Bachelor of Science in Business Administration",curriculum_program,https://legacy.ched.gov.ph/wp-content/uploads/2017/10/CMO-17-s-2017.pdf,5903534,30,true,false,downloaded
2017,18,"CMO No. 18, Series of 2017","Revised Policies, Standards and Guidelines (PSGs) for the Bachelor of Science in Entrepreneurship",curriculum_program,https://legacy.ched.gov.ph/wp-content/uploads/2017/10/CMO-18-s-2017.pdf,6440968,34,true,false,downloaded
2017,19,"CMO No. 19, Series of 2017","Revised Policies, Standards and Guidelines (PSGs) for the Bachelor of Science in Office Administration",curriculum_program,https://legacy.ched.gov.ph/wp-content/uploads/2017/10/CMO-19-s-2017.pdf,8886434,47,true,false,downloaded
2017,20,"CMO No. 20, Series of 2017","Policies, Standards and Guidelines (PSGs) for the Bachelor of Multimedia Arts (BMMA) Program",curriculum_program,https://legacy.ched.gov.ph/wp-content/uploads/2017/10/CMO-20-s-2017.pdf,6061732,32,true,false,downloaded
2017,21,"CMO No. 21, Series of 2017","Policies, Standards and Guidelines (PSGs) for the Bachelor of Arts in Literature or Bachelor of Arts in Literary and Cultural Studies",curriculum_program,https://legacy.ched.gov.ph/wp-content/uploads/2017/10/CMO-21-s-2017.pdf,8280184,39,true,false,downloaded
2017,22,"CMO No. 22, Series of 2017","Mga Patakaran, Pamantayan, at Panuntunan Para sa Batsilyer ng Sining sa Filipino",administrative_governance,https://legacy.ched.gov.ph/wp-content/uploads/2017/10/CMO-22-s-2017.pdf,5300976,28,true,false,downloaded
2017,23,"CMO No. 23, Series of 2017","Policies, Standards and Guidelines (PSGs) for the Bachelor of Arts in Foreign Language",curriculum_program,https://legacy.ched.gov.ph/wp-content/uploads/2017/10/CMO-23-s-2017.pdf,4973070,28,true,false,downloaded
2017,24,"CMO No. 24, Series of 2017","Policies, Standards and Guidelines (PSGs) for the Bachelor of Arts in English Language or Bachelor of Arts in English Language Studies",curriculum_program,https://legacy.ched.gov.ph/wp-content/uploads/2017/10/CMO-24-s-2017.pdf,4438194,23,true,false,downloaded
2017,25,"CMO No. 25, Series of 2017","Policies, Standards and Guidelines (PSGs) for the Bachelor of Performing Arts (BPeA)",curriculum_program,https://legacy.ched.gov.ph/wp-content/uploads/2017/10/CMO-25-s-2017.pdf,6081926,35,true,false,downloaded
2017,26,"CMO No. 26, Series of 2017","Policies, Standards and Guidelines (PSGs) for the Bachelor of Arts in Philosophy Program",curriculum_program,https://legacy.ched.gov.ph/wp-content/uploads/2017/10/CMO-26-s-2017.pdf,6408108,34,true,false,downloaded
2017,27,"CMO No. 27, Series of 2017","Revised Policies, Standards and Guidelines (PSGs) for Bachelor of Science in Accountancy (BSA)",curriculum_program,https://legacy.ched.gov.ph/wp-content/uploads/2017/10/CMO-27-s-2017.pdf,6096329,31,true,false,downloaded
2017,28,"CMO No. 28, Series of 2017","Policies, Standards and Guidelines (PSGs) for the Bachelor of Science in Management Accounting (BSMA)",curriculum_program,https://legacy.ched.gov.ph/wp-content/uploads/2017/10/CMO-28-s-2017.pdf,6233936,31,true,false,downloaded
2017,29,"CMO No. 29, Series of 2017","Policies, Standards and Guidelines (PSGs) for the Bachelor of Science in Internal Auditing (BSIA)",curriculum_program,https://legacy.ched.gov.ph/wp-content/uploads/2017/10/CMO-29-s-2017.pdf,6108736,30,true,false,downloaded
2017,30,"CMO No. 30, Series of 2017","Policies, Standards and Guidelines (PSGs) for the Bachelor of Science in Accounting Information Systems (BSAIS)",curriculum_program,https://legacy.ched.gov.ph/wp-content/uploads/2017/10/CMO-30-s-2017.pdf,6337102,31,true,false,downloaded
2017,31,"CMO No. 31, Series of 2017","Policies, Standards and Guidelines (PSGs) for Bachelor of Arts in Anthropology and Bachelor of Science in Anthropology (BA or BS Anthropology) Programs",curriculum_program,https://legacy.ched.gov.ph/wp-content/uploads/2017/10/CMO-31-s-2017.pdf,4437252,23,true,false,downloaded
2017,32,"CMO No. 32, Series of 2017","Policies, Standards and Guidelines (PSGs) for the Bachelor of Science or Bachelor of Arts in Economic Programs",curriculum_program,https://legacy.ched.gov.ph/wp-content/uploads/2017/10/CMO-32-s-2017.pdf,2713110,15,true,false,downloaded
2017,33,"CMO No. 33, Series of 2017",Policies and Standards and Guidelines (PSGs) for the Bachelor in Human Services (BHumServ) Program,curriculum_program,https://legacy.ched.gov.ph/wp-content/uploads/2017/10/CMO-33-s-2017.pdf,5785668,30,true,false,downloaded
2017,34,"CMO No. 34, Series of 2017",Policies and Standards for Undergraduate Programs in Psychology,curriculum_program,https://legacy.ched.gov.ph/wp-content/uploads/2017/10/CMO-34-s-2017.pdf,5783169,29,true,false,downloaded
2017,35,"CMO No. 35, Series of 2017","Revised Policies, Standards, and Guidelines (PSGs) for Bachelor of Arts in Communication (BA Comm) Program",curriculum_program,https://legacy.ched.gov.ph/wp-content/uploads/2017/10/CMO-35-s-2017.pdf,6921834,37,true,false,downloaded
2017,36,"CMO No. 36, Series of 2017","Policies, Standards, and Guidelines (PSGs) for Bachelor of Science in Development Communication (BS DevCom) Program",curriculum_program,https://legacy.ched.gov.ph/wp-content/uploads/2017/10/CMO-36-s-2017.pdf,6840430,38,true,false,downloaded
2017,37,"CMO No. 37, Series of 2017","Policies, Standards and Guidelines (PSGs) for Bachelor of Arts in Broadcasting (BA Broadcasting) Program",curriculum_program,https://legacy.ched.gov.ph/wp-content/uploads/2017/10/CMO-37-s-2017.pdf,6400841,36,true,false,downloaded
2017,38,"CMO No. 38, Series of 2017","Policies, Standards and Guidelines (PSGs) for the Bachelor of Arts in History (BA History) Program",curriculum_program,https://legacy.ched.gov.ph/wp-content/uploads/2017/10/CMO-38-s-2017.pdf,2535434,14,true,false,downloaded
2017,39,"CMO No. 39, Series of 2017","Policies, Standards and Guidelines (PSGs) for the Bachelor of Science in Social Work Program",curriculum_program,https://legacy.ched.gov.ph/wp-content/uploads/2017/10/CMO-39-s-2017.pdf,5373731,28,true,false,downloaded
2017,40,"CMO No. 40, Series of 2017","Policies, Standards and Guidelines (PSGs) for the Bachelor of Arts in Sociology (BA Sociology) Program",curriculum_program,https://legacy.ched.gov.ph/wp-content/uploads/2017/10/CMO-40-s-2017.pdf,2617029,14,true,false,downloaded
2017,41,"CMO No. 41, Series of 2017","Policies, Standards and Guidelines (PSGs) for Bachelor in Journalism (B Journalism) and Bachelor of Arts in Journalism (BA Journalism) Programs",curriculum_program,https://legacy.ched.gov.ph/wp-content/uploads/2017/10/CMO-41-s-2017.pdf,8623464,45,true,false,downloaded
2017,42,"CMO No. 42, Series of 2017","Policies, Standards and Guidelines (PSGs) for the Bachelor of Science in Statistics (BS Stat) Program",curriculum_program,https://legacy.ched.gov.ph/wp-content/uploads/2017/10/CMO-42-s-2017.pdf,8799130,50,true,false,downloaded
2017,43,"CMO No. 43, Series of 2017","Policies, Standards and Guidelines (PSGs) for the Undergraduate Programs in Fine Arts and Design",curriculum_program,https://legacy.ched.gov.ph/wp-content/uploads/2018/04/CMO-43-s.2017_PSG-for-the-Undergraduate-Programs-in-Fine-Arts-and-Design.pdf,3693908,63,true,false,downloaded
2017,44,"CMO No. 44, Series of 2017","Policies, Standards and Guidelines (PSGs) for the Bachelor of Science in Interior Design (BSID) Program",curriculum_program,https://legacy.ched.gov.ph/wp-content/uploads/2017/10/CMO-44-s-2017.pdf,7555393,41,true,false,downloaded
2017,45,"CMO No. 45, Series of 2017","Policies, Standards and Guidelines (PSGs) for the Degree of Bachelor of Landscape Architecture (BLA) Program",curriculum_program,https://legacy.ched.gov.ph/wp-content/uploads/2017/10/CMO-45-s-2017.pdf,7180179,38,true,false,downloaded
2017,46,"CMO No. 46, Series of 2017","Policies, Standards and Guidelines (PSGs) for the Bachelor of Science in Marine Biology Program",curriculum_program,https://legacy.ched.gov.ph/wp-content/uploads/2017/10/CMO-46-s-2017.pdf,10242632,58,true,false,downloaded
2017,47,"CMO No. 47, Series of 2017","Policies, Standards and Guidelines (PSGs) for the Bachelor of Science in Chemistry (BS Chem) Program",curriculum_program,https://legacy.ched.gov.ph/wp-content/uploads/2017/10/CMO-47-s-2017.pdf,19144108,110,true,false,downloaded
2017,48,"CMO No. 48, Series of 2017","Policies, Standards and Guidelines (PSGs) for the Bachelor of Science in Mathematics (BS Math) and Bachelor of Science in Applied Mathematics (BS Applied Math) Programs",curriculum_program,https://legacy.ched.gov.ph/wp-content/uploads/2017/10/CMO-48-s-2017.pdf,15182198,84,true,false,downloaded
2017,49,"CMO No. 49, Series of 2017","Policies, Standards and Guidelines (PSGs) for Bachelor of Science in Biology (BS Bio) Program",curriculum_program,https://legacy.ched.gov.ph/wp-content/uploads/2017/10/CMO-49-s-2017.pdf,12885326,72,true,false,downloaded
2017,50,"CMO No. 50, Series of 2017",CHED-JIP Recognized Journals,research_journals,https://legacy.ched.gov.ph/wp-content/uploads/2017/10/CMO-50-s-2017.pdf,84347,2,true,false,downloaded
2017,51,"CMO No. 51, Series of 2017","Policies, Standards and Guidelines for the BA Political Science (BA PoS) Program",curriculum_program,https://legacy.ched.gov.ph/wp-content/uploads/2017/10/CMO-51-s-2017.pdf,5388228,28,true,false,downloaded
2017,52,"CMO No. 52, Series of 2017","Policies, Standards and Guidelines for the Bachelor of Science in Occupational Therapy Education (BSOT) Program",curriculum_program,https://legacy.ched.gov.ph/wp-content/uploads/2018/04/CMO-No.-52-Series-of-2017-Policies-Standards-and-Guidelines-for-the-Bachelor-of-Science-in-Occupational-Therapy-Education-BSOT-Program.pdf,7182213,38,true,false,downloaded
2017,53,"CMO No. 53, Series of 2017","Revised Policies, Standards and Guidelines for the Bachelor of Science in Respiratory Therapy (BSRT)",curriculum_program,https://legacy.ched.gov.ph/wp-content/uploads/2018/05/CMO-No.-53-Series-of-2017-Revised-Policies-Standards-and-Guidelines-for-the-Bachelor-of-Science-in-Respiratory-Therapy-BSRT-1.pdf,2418798,44,true,false,downloaded
2017,55,"CMO No. 55, Series of 2017","Policies, Standards and Guidelines for the Bachelor of Science in Physical Therapy (BSPT) Education",curriculum_program,https://legacy.ched.gov.ph/wp-content/uploads/2018/05/CMO-No.-55-Series-of-2017-Policies-Standards-and-Guidelines-for-the-Bachelor-of-Science-in-Physical-Therapy-BSPT-Education.pdf,11701542,62,true,false,downloaded
2017,56,"CMO No. 56, Series of 2017",Implementing Guidelines on Educational Assistance to Students in Identified Areas Affected by Typhoon Yolanda Effective AY 2016-2017,scholarship_student_services,https://legacy.ched.gov.ph/wp-content/uploads/2017/10/CMO-56-s-2017.pdf,1460961,3,true,false,downloaded
2017,57,"CMO No. 57, Series of 2017","Policy on the Offering of Filipino Subjects in all Higher Education Programs as part of the new General Education Curriculum per CMO No. 20, s. 2013",administrative_governance,https://legacy.ched.gov.ph/wp-content/uploads/CMO-No.-57-s.-2017-Policy-on-the-Offering-of-Filipino-Subjects-in-all-Higher-Education-Programs-as-part-of-the-new-General-Education-Curriculum-per-CMO-No.-20-s.-2013.pdf,421878,2,true,false,downloaded
2017,58,"CMO No. 58, Series of 2017",Grant of Autonomous and Deregulated Status by Evaluation to Private Higher Education Institutions,curriculum_college,https://legacy.ched.gov.ph/wp-content/uploads/2017/10/CMO-58-s-2017.pdf,587465,6,false,false,downloaded
2017,59,"CMO No. 59, Series of 2017","Policies, Standards and Guidelines for the Bachelor of Science in Speech – Language Pathology (BSSLP) Program",curriculum_program,https://legacy.ched.gov.ph/wp-content/uploads/2018/05/Policies-Standards-and-Guidelines-for-the-Bachelor-of-Science-in-Speech-Language-Pathology-BSSLP-Program.pdf,6833659,131,true,false,downloaded
2017,60,"CMO No. 60, Series of 2017","Policies, Standards, and Guidelines for the Bachelor of Science in Environmental Planning (BSEP) Program",curriculum_program,https://legacy.ched.gov.ph/wp-content/uploads/2018/04/CMO-No.-60-s.-2017-Policies-Standards-and-Guidelines-PSG-for-the-Bachelor-of-Science-in-Environmental-Planning-BSEP-Program.pdf,15748039,83,true,false,downloaded
2017,61,"CMO No. 61, Series 2017","Policies, Standards, and Guidelines for the Bachelor of Science in Architecture (BS Archi)",curriculum_program,https://legacy.ched.gov.ph/wp-content/uploads/2018/04/CMO-No.-61-Series-2017-Policies-Standards-and-Guidelines-for-the-Bachelor-of-Science-in-Architecture-BS-Archi.pdf,10139993,56,true,false,downloaded
2017,62,"CMO No. 62, Series of 2017","Policies, Standards and Guidelines for Bachelor of Science in Tourism Management (BSTM) and Bachelor of Science in Hospitality Management (BSHM)",curriculum_program,https://legacy.ched.gov.ph/wp-content/uploads/2018/03/CMO-62-BS-Hospitality-Tourism-Management.pdf,14467420,73,true,false,downloaded
2017,63,"CMO No. 63, Series of 2017",Policies and Guidelines on Local Off-Campus Activities,administrative_governance,https://legacy.ched.gov.ph/wp-content/uploads/2017/10/CMO-63-s-2017.pdf,5877874,16,true,false,downloaded
2017,65,"CMO No. 65, Series of 2017","Addendum to CHED Memorandum Order No. 51, Series of 2016 Entitled “Guidelines on Eligibility of Displaced HEI Personnel to the Grants Under the K to 12 Transition Program”",curriculum_college,https://legacy.ched.gov.ph/wp-content/uploads/2017/10/CMO-65-s-2017.pdf,1770233,7,true,false,downloaded
2017,66,"CMO No. 66, Series of 2017",CHED JIP recognized Journals (Batch 2),research_journals,https://legacy.ched.gov.ph/wp-content/uploads/2017/10/CMO-66-s-2017.pdf,57124,2,false,false,downloaded
2017,67,"CMO No. 67, Series of 2017","Revised Policies, Standards and Guidelines for the Bachelor of Science in Marine Transportation (BSMT) and Bachelor of Science in Marine Engineering (BSMarE) Programs",curriculum_program,https://legacy.ched.gov.ph/wp-content/uploads/2017/10/CMO-67-s.-2017.pdf,24374781,45,true,false,downloaded
2017,68,"CMO No. 68, Series of 2017",Additional Programs and Rectification of Delivery Type of Approved Delivering Higher Education Institutions (DHEIS) for Scholarships for Graduate Studies in the K to 12 Transition Period,curriculum_college,https://legacy.ched.gov.ph/wp-content/uploads/CMO-No.-68-s.-2017-Additional-Programs-and-Rectification-of-Delivery-Type-of-Approved-Delivering-Higher-Education-Institutions-DHEIS-for-Scholarships-for-Graduate-Studies-in-the-K-to-12-Transition-Period.pdf,768372,6,true,false,downloaded
2017,69,"CMO No. 69, Series of 2017",Implementing Guidelines for the Modified CHED Second Generation GE Faculty Training for the Teaching of the New General Education Courses,faculty_development,https://legacy.ched.gov.ph/wp-content/uploads/2017/10/CMO-69-s-2017.pdf,3624830,8,true,false,downloaded
2017,70,"CMO No. 70, Series of 2017","Revised Policies, Standards and Guidelines for the Bachelor of Science in Marine Transportation (BSMT) and Bachelor of Science in Marine Engineering (BSMarE) Program",curriculum_program,https://legacy.ched.gov.ph/wp-content/uploads/2017/10/CMO-70-s-2017.pdf,10487716,22,true,false,downloaded
2017,71,"CMO No. 71, Series of 2017",Lifting of Moratorium on the Operation of New Bachelor of Science in Marine Transportation and Bachelor of Science in Marine Engineering Programs,curriculum_program,https://legacy.ched.gov.ph/wp-content/uploads/2017/10/CMO-71-s.-2017.pdf,2400333,4,true,false,downloaded
2017,72,"CMO No. 72, Series of 2017",The Revised and Expanded Guidelines for the Continuing Professional Education (CPE) Grants under the K to 12 Transition Program,faculty_development,https://legacy.ched.gov.ph/wp-content/uploads/CMO-72-s.-2017.pdf,9484557,24,true,false,downloaded
2017,73,"CMO No. 73, Series of 2017",Designated DHEIs for the Modified CHED 2nd Generation GE Faculty Training,curriculum_college,https://legacy.ched.gov.ph/wp-content/uploads/2017/11/CMO-73-series-of-2017-Designated-DHEIs-for-the-Modified-CHED-2nd-Generation-GE-Faculty-Training.pdf,1112829,5,true,false,downloaded
2017,74,"CMO No. 74, Series of 2017","Policies, Standards and Guidelines for Bachelor of Elementary Education (BEEd)",curriculum_program,https://legacy.ched.gov.ph/wp-content/uploads/2017/11/CMO-No.-74-s.-2017.pdf,2378798,44,true,false,downloaded
2017,75,"CMO No. 75, Series of 2017","Policies, Standards and Guidelines for Bachelor of Secondary Education (BSEd)",curriculum_program,https://legacy.ched.gov.ph/wp-content/uploads/2017/11/CMO-No.-75-s.-2017.pdf,11880477,216,true,false,downloaded
2017,76,"CMO No. 76, Series of 2017","Policies, Standards and Guidelines for Bachelor of Early Childhood Education (BECEd)",curriculum_program,https://legacy.ched.gov.ph/wp-content/uploads/2017/11/CMO-No.-76-s.-2017.pdf,3481358,56,true,false,downloaded
2017,77,"CMO No. 77, Series of 2017","Policies, Standards and Guidelines for Bachelor of Special Needs Education (BSNEd)",curriculum_program,https://legacy.ched.gov.ph/wp-content/uploads/2017/11/CMO-No.-77-s.-2017.pdf,4704795,84,true,false,downloaded
2017,78,"CMO No. 78, Series of 2017","Policies, Standards and Guidelines for Bachelor of Technology and Livelihood Education (BTLEd)",curriculum_program,https://legacy.ched.gov.ph/wp-content/uploads/2017/11/CMO-No.-78-s.-2017.pdf,4675396,75,true,false,downloaded
2017,79,"CMO No. 79, Series of 2017","Policies, Standards and Guidelines for Bachelor of Technical-Vocational Teacher Education (BTVTEd)",curriculum_program,https://legacy.ched.gov.ph/wp-content/uploads/2017/11/CMO-No.-79-s.-2017.pdf,3944354,65,true,false,downloaded
2017,80,"CMO No. 80, Series of 2017","Policies, Standards and Guidelines for Bachelor of Physical Education (BPEd)",curriculum_program,https://legacy.ched.gov.ph/wp-content/uploads/2017/11/CMO-No.-80-s.-2017.pdf,3857190,64,true,false,downloaded
2017,81,"CMO No. 81, Series of 2017","Policies, Standards and Guidelines for Bachelor of Science in Exercise and Sports Sciences (BSESS)",curriculum_program,https://legacy.ched.gov.ph/wp-content/uploads/2017/11/CMO-No.-81-s.-2017.pdf,2668547,41,true,false,downloaded
2017,82,"CMO No. 82, Series of 2017","Policies, Standards and Guidelines for Bachelor of Culture and Arts Education (BCAEd)",curriculum_program,https://legacy.ched.gov.ph/wp-content/uploads/2017/11/CMO-No.-82-s.-2017.pdf,2934085,49,true,false,downloaded
2017,83,"CMO No. 83, Series of 2017","Policies, Standards and Guidelines for the Post Baccalaureate Diploma in Alternative Learning System (PB-DALS)",curriculum_program,https://legacy.ched.gov.ph/wp-content/uploads/2017/11/CMO-No.-83-s.-2017.pdf,516014,9,true,false,downloaded
2017,84,"CMO No. 84, Series of 2017","Addendum to CMO No. 16, Series of 2013 “Guidelines for the Implementation of Student Agribusiness Enterprise Loan Fund (SALF)”",administrative_governance,https://legacy.ched.gov.ph/wp-content/uploads/2017/11/CMO-84-s.-2017-Addendum-CMO-16-s.-2013.pdf,3322367,14,true,false,downloaded
2017,85,"CMO No. 85, Series of 2017",Implementing Guidelines for the Development of Course Learning Plans/Syllabi for the MAritime Professional Courses in BSMT and BSMarE,curriculum_program,https://legacy.ched.gov.ph/wp-content/uploads/CMO-No.-85-s.-2017-Implementing-Guidelines-for-the-Development-of-Course-Learning-Plans-or-Syllabi-for-the-MAritime-Professional-Courses-in-BSMT-and-BSMarE.pdf,680284,3,true,false,downloaded
2017,86,"CMO No. 86, Series of 2017","Policies, Standards and Guidelines for Requirements Common to All Bachelor of Science in Engineering and Bachelor of Engineering Technology Programs",administrative_governance,https://legacy.ched.gov.ph/wp-content/uploads/2018/04/CMO-86-S.-2017-PSG-on-Requirements-Common-to-all-BS-Engg-Degree-and-Bachelor-of-Engineering-Trchnology.pdf,715659,22,true,false,downloaded
2017,87,"CMO No. 87, Series of 2017","Policies, Standards and Guidelines for the Bachelor of Science in Computer Engineering (BSCpE) Program Effective Academic Year (AY) 2018-2019",curriculum_program,https://legacy.ched.gov.ph/wp-content/uploads/2018/04/CMO-87-s.-2017-BS-Computer-Engineering.pdf,3725346,81,true,false,downloaded
2017,88,"CMO No. 88, Series of 2017","Policies, Standards and Guidelines for the Bachelor of Science in Electrical Engineering (BSEE) Program Effective Academic Year (AY) 2018-2019",curriculum_program,https://legacy.ched.gov.ph/wp-content/uploads/2018/04/CMO-88-s.-2017-BS-Electrical-Engineering.pdf,5410227,112,true,false,downloaded
2017,89,"CMO No. 89, Series of 2017","Policies, Standards and Guidelines for the Bachelor of Science in Geodetic Engineering (BSGE) Program Effective Academic Year (AY) 2018-2019",curriculum_program,https://legacy.ched.gov.ph/wp-content/uploads/2018/05/CMO-No.-89-Series-of-2017-Policies-Standards-and-Guidelines-for-the-Bachelor-of-Science-in-Geodetic-Engineering-BSGE-Program-Effective-Academic-Year-AY-2018-2019.pdf,2344305,84,true,false,downloaded
2017,90,"CMO No. 90, Series of 2017","Policies, Standards and Guidelines for the Bachelor of Science in Ceramic Engineering (BS CerE) Program Effective Academic Year (AY) 2018-2019",curriculum_program,https://legacy.ched.gov.ph/wp-content/uploads/2018/04/CMO-90-s.-2017-BS-Ceramic-Engineering.pdf,4805628,88,true,false,downloaded
2017,91,"CMO No. 91, Series of 2017","Policies, Standards and Guidelines for the Bachelor of Science in Chemical Engineering (BSChE) Program Effective Academic Year (AY) 2018-2019",curriculum_program,https://legacy.ched.gov.ph/wp-content/uploads/2018/04/CMO-91-s.-2017-BS-Chemical-Engineering.pdf,6111885,132,true,false,downloaded
2017,92,"CMO No. 92, Series of 2017","Policies, Standards and Guidelines for the Bachelor of Science in Civil Engineering (BSCE) Program Effective Academic Year (AY) 2018-2019",curriculum_program,https://legacy.ched.gov.ph/wp-content/uploads/2018/04/CMO-92-s.-2017-BS-Civil-Engineering.pdf,8955383,186,true,false,downloaded
2017,93,"CMO No. 93, Series of 2017","Policies, Standards and Guidelines for the Bachelor of Science in Aeronautical Engineering (BSAeE) Program Effective Academic Year (AY) 2018-2019",curriculum_program,https://legacy.ched.gov.ph/wp-content/uploads/2018/04/CMO-93-s.-2017-BS-Aeronautical-Engineering.pdf,5724594,110,true,false,downloaded
2017,94,"CMO No. 94, Series of 2017","Policies, Standards and Guidelines for the Bachelor of Science in Agricultural and Biosystems Engineering (BSABE) Program Effective Academic Year (AY) 2018-2019",curriculum_program,https://legacy.ched.gov.ph/wp-content/uploads/2018/04/CMO-94-s.-2017-BS-Agricultural-and-Biosystems-Engineering.pdf,4710477,104,true,false,downloaded
2017,95,"CMO No. 95, Series of 2017","Policies, Standards and Guidelines for the Bachelor of Science in Materials Engineering (BS MatE) Program Effective Academic Year (AY) 2018-2019",curriculum_program,https://legacy.ched.gov.ph/wp-content/uploads/2018/04/CMO-95-s.-2017-BS-Materials-Engineering.pdf,4335852,86,true,false,downloaded
2017,96,"CMO No. 96, Series of 2017","Policies, Standards and Guidelines for the Bachelor of Science in Industrial Engineering (BSIE) Program Effective Academic Year (AY) 2018-2019",curriculum_program,https://legacy.ched.gov.ph/wp-content/uploads/2018/04/CMO-96-s.-2017-BS-Industrial-Engineering.pdf,3460596,79,true,false,downloaded
2017,97,"CMO No. 97, Series of 2017","Policies, Standards and Guidelines for the Bachelor of Science in Mechanical Engineering (BSME) Program Effective Academic Year 2018-2019",curriculum_program,https://legacy.ched.gov.ph/wp-content/uploads/2018/08/CMO-97-s.-2017-BS-Mechanical-Engineering-program.pdf,4275784,94,true,false,downloaded
2017,98,"CMO No. 98, Series of 2017","Policies, Standards and Guidelines for the Bachelor of Science in Sanitary Engineering (BSSE) Program Effective Academic Year (AY) 2018-2019",curriculum_program,https://legacy.ched.gov.ph/wp-content/uploads/2018/04/CMO-98-s.-2017-BS-Sanitary-Engineering.pdf,6389461,133,true,false,downloaded
2017,99,"CMO No. 99, Series of 2017","Policies, Standards and Guidelines for the Bachelor of Science in  Mining Engineering (BSEM) Program Effective Academic Year (AY) 2018-2019",curriculum_program,https://legacy.ched.gov.ph/wp-content/uploads/2018/04/CMO-99-s.-2017-BS-Mining-Engineering.pdf,3363269,71,true,false,downloaded
2017,100,"CMO No. 100, Series of 2017","Policies, Standards and Guidelines for the Bachelor of Science in Metallurgical Engineering (BSMetE) Program Effective Academic Year 2018-2019",curriculum_program,https://legacy.ched.gov.ph/wp-content/uploads/2018/05/CMO-No.-100-Series-of-2017-Policies-Standards-and-Guidelines-for-the-Bachelor-of-Science-in-Metallurgical-Engineering-BSMetE-Program-Effective-Academic-Year-2018-2019.pdf,3596948,81,true,false,downloaded
2017,101,"CMO No. 101, Series of 2017","Policies, Standards and Guidelines for the Bachelor of Science in Electronics Engineering (BSECE) Program Effective Academic Year (AY) 2018-2019",curriculum_program,https://legacy.ched.gov.ph/wp-content/uploads/2018/08/CMO-101-s.-2017-BS-Electronics-Engineering.pdf,5852140,99,true,false,downloaded
2017,102,"CMO No. 102, Series of 2017",Designated Delivering Higher Education Institutions for the Modified CHED Second Generation General Education (GE) Faculty Training for the Teaching of the New GE Core Courses,curriculum_college,https://legacy.ched.gov.ph/wp-content/uploads/2017/12/CMO-102-s-2017.pdf,1914591,8,true,false,downloaded
2017,103,"CMO No. 103, Series of 2017","Amendment to CHED Memorandum Order No. 69, Series of 2017, “Implementing Guidelines for the Modified CHED Second Generation GE Faculty Training for the Teaching of the New General Education Core Courses”",faculty_development,https://legacy.ched.gov.ph/wp-content/uploads/2017/12/CMO-103-s-2017.pdf,298225,1,true,false,downloaded
2017,104,"CMO No. 104, Series of 2017",Revised Guidelines for Student Internship Program in the Philippines (SIPP) for All Programs,scholarship_student_services,https://legacy.ched.gov.ph/wp-content/uploads/2018/03/CMO-NO.-104-S.-2017.pdf,11941296,22,true,false,downloaded
2017,105,"CMO No. 105, Series of 2017",Policy on the Admission of Senior High School Graduates to the Higher Education Institutions,curriculum_college,https://legacy.ched.gov.ph/wp-content/uploads/2018/01/CMO-No.-105-s.-2017-Policy-on-the-Admission-of-Senior-High-School-Graduates-to-the-Higher-Education-Institutions-Effective-Academic-Year-2018-2019.pdf,837525,1,false,false,downloaded
2018,1,"CMO No. 1, Series of 2018","Policies, Standards and Guidelines for the Doctor of Veterinary Medicine (DVM) Program",curriculum_program,https://legacy.ched.gov.ph/wp-content/uploads/2018/02/CMO-1-series-2018-PSG-for-Veterinary-Medicine.pdf,1756354,47,true,false,downloaded
2018,3,"CMO No. 3, Series of 2018",Policies and Standards and Guidelines for the Doctor of Dental Medicine (DMD) Program,curriculum_program,https://legacy.ched.gov.ph/wp-content/uploads/2018/05/CMO-No.-3-Series-of-2018-Policies-and-Standards-and-Guidelines-for-the-Doctor-of-Dental-Medicine-DMD-Program.pdf,10210201,56,true,false,downloaded
2018,4,"CMO No. 4, Series of 2018",Policy on the Offering of Filipino and Panitikan Subjects in All Higher Education Programs as Part of the New General Education Curriculum,administrative_governance,https://legacy.ched.gov.ph/wp-content/uploads/2018/04/CMO-No.-4-Series-of-2018-Policy-on-the-Offering-of-Filipino-and-Panitikan-Subjects-in-All-Higher-Education-Programs-as-Part-of-the-New-General-Education-Curriculum.pdf,80156,2,false,false,downloaded
2018,5,"CMO No. 5, Series of 2018","Policies, Standards and Guidelines for the Bachelor of Science in Criminology (BS Criminology) Program",curriculum_program,https://legacy.ched.gov.ph/wp-content/uploads/2018/05/CMO-No.-05-s.-2018-PSG-for-BS-Criminology.pdf,4263629,19,true,false,downloaded
2018,6,"CMO No. 6, Series of 2018","Policies, Standards and Guidelines for the Bachelor of Science in Industrial Security Management (BSISM) Program",curriculum_program,https://legacy.ched.gov.ph/wp-content/uploads/2018/04/CMO-No.-06-s.-2018-PSG-for-BS-Industrial-Security-Management.pdf,5465731,24,true,false,downloaded
2018,7,"CMO No. 7, Series of 2018","Policies, Standards and Guidelines for the Bachelor of Science in Radiologic Technology Education (BSRT) Program",curriculum_program,https://legacy.ched.gov.ph/wp-content/uploads/2018/07/CMO-No-07-s.-2018-PSG-for-BS-Radiologic-Technology.pdf,4269775,109,true,false,downloaded
2018,8,"CMO No. 8, Series of 2018",Extension Period in the Submission of New or Revised Curricula of Higher Education Institutions for Academic Year 2018-2019,curriculum_college,https://legacy.ched.gov.ph/wp-content/uploads/2018/06/CMO-No.-8-series-of-2018-Extension-Period-in-the-Submission-of-New-or-Revised-Curricula-of-HEIs-for-AY-2018-2019.pdf,73325,1,true,false,downloaded
2018,9,"CMO No. 9, Series of 2018",Guidelines on the Eligibility of Local Universities and Colleges (LUCs) to Implement the Free Higher Education Provision of Republic Act 10931,administrative_governance,https://legacy.ched.gov.ph/wp-content/uploads/2018/09/CMO-No.9-s.-2018.pdf,3026194,4,true,false,downloaded
2018,10,"CMO No. 10, Series of 2018",Policy on Alternative Learning System Completers and Passers of the A & E Test in Relation to the Implementation of the K to 12 Basic Education Program,administrative_governance,https://legacy.ched.gov.ph/wp-content/uploads/2018/07/CMO-No.-10-s.-2018.pdf,138722,1,true,false,downloaded
2018,11,"CMO No. 11, Series of 2018",Local Universities and Colleges (LUCs) that are Eligible to Avail the Free Higher Education Provision of the Universal Access to Quality Tertiary Education Act of 2017 Starting AY 2018-2019,administrative_governance,https://legacy.ched.gov.ph/wp-content/uploads/2018/09/CMO-No.11-s.-2018.pdf,2421565,3,true,false,downloaded
2018,12,"CMO No. 12, Series of 2018","2016 SUC Levelling Results, SUC Levelling Benefits, and SUC Levelling Appeal Procedures",curriculum_college,https://legacy.ched.gov.ph/wp-content/uploads/2018/08/CMO-12-s-2018.pdf,3109943,7,true,false,downloaded
2018,13,"CMO No. 13, Series of 2018",Extension Period in the Submission of New or Revised Curricula of Maritime Higher Education Institutions for Academic Year 2018-2019,curriculum_college,https://legacy.ched.gov.ph/wp-content/uploads/2018/07/CMO-13-s.-2018.pdf,943615,2,true,false,downloaded
2018,14,"CMO No. 14, Series of 2018","Addendum to CHED Memorandum Order No. 67, Series 2017 Entitled “REvised Policies, Standards and Guidelines for the Bachelor of Science in Marine Transportation (BSMT) and Bachelor of Science in Marine Engineering (BSMarE) Programs”",curriculum_program,https://legacy.ched.gov.ph/wp-content/uploads/2018/07/CMO-14-s.-2018-with-annexes.pdf,25648692,167,true,false,downloaded
2018,15,"CMO No. 15, Series of 2018","Policies, Standards and Guidelines for the Doctor of Optometry Program",curriculum_program,https://legacy.ched.gov.ph/wp-content/uploads/CMO-No.-15-s.-2018-Policies-Standards-and-Guidelines-for-the-Doctor-of-Optometry-Program.pdf,5103136,35,true,false,downloaded
2018,17,"CMO No. 17, Series of 2018",Call for Applications for Scholarships for Transnational Education Programs for Faculty and Staff,scholarship_student_services,https://legacy.ched.gov.ph/wp-content/uploads/CMO-17-s.-2018-TNE-Guidelines.pdf,3204794,21,true,false,downloaded
2018,18,"CMO No. 18, Series of 2018",The Implementing Guidelines for the Conduct of Drug Testing of Students in All Higher Education Institutions (HEIs),curriculum_college,https://legacy.ched.gov.ph/wp-content/uploads/2018/10/CMO-No.-18-s.-2018-Guidelines-on-Drug-Testing.pdf,2514215,10,true,false,downloaded
2019,1,"CMO No. 1 , Series of 2019",Integration of Peace Studies into the relevant Higher Education Curricula,curriculum_program,https://legacy.ched.gov.ph/wp-content/uploads/CMO-No.-01-Integration-of-Peace-Studies-into-the-relevant-Higher-Education-Curricula.pdf,1176230,6,true,false,downloaded
2019,2,"CMO No. 2 , Series of 2019",Integration of Indigenous peoples studies into the relevant Higher Education Curricula,curriculum_program,https://legacy.ched.gov.ph/wp-content/uploads/CMO-No.-02-Integration-of-Indigenous-peoples-studies-into-the-relevant-Higher-Education-Curricula.pdf,1189321,6,true,false,downloaded
2019,3,"CMO No. 03, Series of 2019",Extension of the Validity Period of Designated Centers of Excellence (COEs) and Centers of Development (CODs) for Various Disciplines,curriculum_college,https://legacy.ched.gov.ph/wp-content/uploads/CMO-No.-03-Series-of-2019-–-Extension-of-the-Validity-Period-of-Designated-Centers-of-Excellence-COEs-and-Centers-of-Development-CODs-for-Various-Disciplines.pdf,1799728,3,true,false,downloaded
2019,4,"CMO No. 04, Series of 2019","Amendments to Articles I.A and VI, of CMO No. 3, s. 2016, as amended by CMO No. 36, s. 2016, CMO No. 4, s. 2017 and CMO No. 2, s. 2018 or the Guidelines on Scholarships for Graduate Studies – Local for Higher Education Institution (HEI) Teaching and Non-teaching Personnel under the K to 12 Transition Program",curriculum_college,https://legacy.ched.gov.ph/wp-content/uploads/CMO-No.-04-Series-of-2019-.pdf,1958689,5,true,false,downloaded
2019,5,"CMO No. 05, Series of 2019",Priority Courses for CHED Scholarship Programs (CSPs) for Academic Year 2019-2020,scholarship_student_services,https://legacy.ched.gov.ph/wp-content/uploads/CMO-No.-05-Series-2019-Priority-Courses-for-CHED-Scholarship-Programs-CSPs-for-Academic-Year-2019-2020.pdf,1454140,4,true,false,downloaded
2019,6,"CMO No. 06, Series of 2019","Policies, Standards and Guidelines for the Bachelor of Science in Forestry",curriculum_program,https://legacy.ched.gov.ph/wp-content/uploads/CMO-06-s.-2019-Policies-Standards-and-Guidelines-for-BS-Forestry.pdf,6439110,39,true,false,downloaded
2019,7,"CMO No. 07, Series of 2019","Policies, Standards and Guidelines for the Bachelor of Science in Food Technology",curriculum_program,https://legacy.ched.gov.ph/wp-content/uploads/CMO-07-s.-2019-Policies-Standards-and-Guidelines-for-BS-Food-Technology.pdf,12930410,77,true,false,downloaded
2019,8,"CMO No. 08, Series of 2019",Policies and Guidelines for CHED Scholarship Progrfams (CSPs),scholarship_student_services,https://legacy.ched.gov.ph/wp-content/uploads/CMO-8-s.-2019-Policies-and-Guidelines-for-CHED-Scholarship-Programs-CSPs.pdf,3265336,14,true,false,downloaded
2019,9,"CMO No. 09, Series of 2019",SUC Level of 106 State Universities and Colleges,curriculum_college,https://legacy.ched.gov.ph/wp-content/uploads/CMO-9-s-2019-SUC-Level-of-106-SUCs.pdf,786339,4,false,false,downloaded
2019,10,"CMO No. 10, Series of 2019","Amendments to CMO 08, Series of 2019, The Policies and Guidelines for CHED Scholarship Programs",scholarship_student_services,https://legacy.ched.gov.ph/wp-content/uploads/CMO-10-Series-of-2019-Amendments-to-CMO-08-Series-of-2019-The-Policies-and-Guidelines-for-CHED-Scholarship-Programs.pdf,494942,1,true,false,downloaded
2019,11,"CMO No. 11, Series of 2019",Procedure for the Issuance of the Special Non-Immigrant Visa under Section 47(A)(2) for Exchange Students under the Asian International Mobility for Students (AIMS) Program,administrative_governance,https://legacy.ched.gov.ph/wp-content/uploads/CMO-No.-11-Series-of-2019-Procedure-for-the-Issuance-of-the-Special-Non-Immigrant-Visa-Under-Section-47-A-2-for-Exchange-Students-under-the-AIMS-Program.pdf,756484,2,true,false,downloaded
2019,12,"CMO No. 12, Series of 2019",Grant of Autonomous and Deregulated Status to Private HEIs,curriculum_college,https://legacy.ched.gov.ph/wp-content/uploads/CMO-12-s-2019-Grant-of-Autonomous-and-Deregulated-Status-to-Private-HEIs.pdf,970666,5,false,false,downloaded
2019,13,"CMO No. 13, Series of 2019",Guidelines for the CHED-Initiated Projects under the Institutional Development and Innovation Grants for State Universities and Colleges (SUCs),curriculum_college,https://legacy.ched.gov.ph/wp-content/uploads/CMO-No.-13-Series-of-2019-Guidelines-for-the-CHED-Initiated-Projects-under-the-Institutional-Development-and-Innovation-Grants-for-State-Universities-and-Colleges-SUCs.pdf,2473232,6,true,false,downloaded
2019,14,"CMO No. 14, Series of 2019",Policies and guidelines in the Issuance of Certificate of Program Compliance (COPC) to State Universities and Colleges (SUCs) and Local Universities and Colleges (LUCs),curriculum_college,https://legacy.ched.gov.ph/wp-content/uploads/CMO-No-14-Series-of-2019-Policies-and-Guidelines-in-the-Issuance-of-Certificate-of-Compliance-COPC-to-State-Universities-and-Colleges-and-Local-Universities-and-Colleges.pdf,780584,3,true,false,downloaded
2019,15,"CMO No. 15, Series of 2019","Policies, Standards and Guidelines for Graduate Programs",curriculum_program,https://legacy.ched.gov.ph/wp-content/uploads/CMO-No.-15-Series-of-2019-–-Policies-Standards-and-Guidelines-for-Graduate-Programs-Updated.pdf,6153979,30,true,false,downloaded
2020,1,"CMO No. 1 , Series of 2020",Guidelines for the Grant of Assistance to State Universities and Colleges to Combat COVID-19,curriculum_college,https://legacy.ched.gov.ph/wp-content/uploads/CMO-No.-1-Series-of-2020-Guidelines-for-the-Grant-of-Assistance-to-State-Universities-and-Colleges-to-Combat-COVID-19.pdf,108536,6,false,false,downloaded
2020,2,"CMO No. 2, Series of 2020","Amendment to Sections III, IV, V, VI, VII and VIII of CMO No. 30, series of 2016 entitled “Implementing Guidelines for the Scholarship Grant Program for Children and Dependents of Sugarcane Industry Workers and Small Sugarcane Farmers (SIDA-SGP)”",scholarship_student_services,https://legacy.ched.gov.ph/wp-content/uploads/CMO-No.-2-s.-2020-Amendments-to-CMO-No.-30-s-2016.pdf,3855292,20,true,false,downloaded
2020,3,"CMO No. 3, Series of 2020",Amendments to the Revised and Expanded Guidelines for the Continuing Professional Education Grants During the K to 12 Transition Period,faculty_development,https://legacy.ched.gov.ph/wp-content/uploads/CMO-No.-3-s-2020-Amendments-to-CMO-72-s-2017.pdf,1398735,6,false,false,downloaded
2020,4,"CMO No. 4, Series of 2020",Guidelines on the Implementation of Flexible Learning,administrative_governance,https://legacy.ched.gov.ph/wp-content/uploads/CMO-No.-4-s.-2020-Guidelines-on-the-Implementation-of-Flexible-Learning.pdf,2285303,10,true,false,downloaded
2020,5,"CMO No. 5, Series of 2020",Guidelines on the Suspension of Operations of Degree Programs of Private Higher Education Institutions,curriculum_program,https://legacy.ched.gov.ph/wp-content/uploads/CMO-No.-5-s.-2020-Guidelines-on-the-Suspension-of-Operations-of-Degree-Programs-of-Private-Higher-Education-Institutions.pdf,406329,7,true,false,downloaded
2020,6,"CMO No. 6, Series of 2020",Guidelines for the Scholarships for Instructors Knowledge Advancement Program (SIKAP) Grant,scholarship_student_services,https://legacy.ched.gov.ph/wp-content/uploads/CMO-6-s.-2020-Guidelines-for-the-Scholarships-for-Instructors-Knowledge-Advancement-Program-SIKAP-Grant.pdf,1304601,7,true,false,downloaded
2020,8,"CMO No. 8, Series of 2020",Guidelines for the Support and Development of Discipline-Based Higher Education Roadmaps by the Technical Panels,administrative_governance,https://legacy.ched.gov.ph/wp-content/uploads/CMO-8-s.-2020-Guidelines-for-the-Support-and-Development-of-Discipline-Based-Higher-Education-Roadmaps-by-the-Technical-Panels.pdf,1529766,8,true,false,downloaded
2020,9,"CMO No. 9, Series of 2020",Guidelines on the Allocation of Financial assistance for State Universities and Colleges for the Development of Smart Campuses provided in Section 10 (i) of RA 11494,curriculum_college,https://legacy.ched.gov.ph/wp-content/uploads/CMO-No.-9-s.-2020-Guidelines-on-the-Allocation-of-Financial-assistance-for-State-Universities-and-Colleges-for-the-Development-of-Smart-Campuses-provided-in-Section-10-i-of-RA-11494.pdf,996446,6,true,false,downloaded
2020,10,"CMO No. 10, Series of 2020","Implementing Guidelines for Bayanihan 2 for Higher Education Tulong Program (B2HELP) as Provided in Section 4(n) of RA 11494, otherwise known as the “Bayanihan to Recover as One Act”",scholarship_student_services,https://legacy.ched.gov.ph/wp-content/uploads/CMO-10-s.-2020-Implementing-Guidelines-for-Bayanihan-2-for-Higher-Education-Tulong-Program-B2HELP-as-Provided-in-Section-4n-of-RA-11494-Otherwise-nown-as-the-Bayanihan-to-Recover-as-One-Act.pdf,1729457,12,true,false,downloaded
2020,11,"CMO No. 11, Series of 2020","Implementing Rules and Regulations of RA 11396, “An Act Requiring State Universities and Colleges (SUCs) to Prepare and Implement a Land Use Development and Infrastructure Plan that shall Include the Construction of Dormitories for Students and Housing Sites for Employees”",curriculum_college,https://legacy.ched.gov.ph/wp-content/uploads/CMO-No.-11-s.-2020-Implementing-Rules-and-Regulations-of-RA-11396.pdf,2241058,11,false,false,downloaded
2020,12,"CMO No. 12, Series of 2020",Short-Term Scholarship Grants during the K to 12 Transition Period,scholarship_student_services,https://legacy.ched.gov.ph/wp-content/uploads/CMO-No.-12-Series-of-2020-–-Short-Term-Scholarship-Grants-during-the-K-to-12-Transition-Period.pdf,1186765,5,true,false,downloaded
2020,13,"CMO No. 13, Series of 2020",Interim Policy on Documentary Submissions and Mitigation Measures for the Scholarships for Graduate Studies-Local (SGS-L) during the Coronavirus Disease 2019 (COVID-19) Pandemic,scholarship_student_services,https://legacy.ched.gov.ph/wp-content/uploads/CMO-No.-13-s.-2020-Interim-Policy-on-Documentary-Submissions-and-Mitigation-Measures-for-the-Scholarships-for-Graduate-Studies-Local-SGS-L-during-the-Coronavirus-Disease-2019-COVID-19-Pandemic.pdf,886227,6,true,false,downloaded
2021,1,"CMO No. 1 , Series of 2021","Amendment to Section V D-1(f) of CMO No. 10, series of 2020 entitled “Implementing Guidelines for Bayanihan 2 for Higher Education Tulong Program (B2HELP) as provided in Section 4(n) of Republic Act No. 11494, otherwise known as the Bayanihan to Recover as One Act”",scholarship_student_services,https://legacy.ched.gov.ph/wp-content/uploads/CMO-No.-1-s.-2021-on-the-Amendment-to-Section-V-D-1f-of-CMO-No.-10-s.-2020-entitled-Implementing-Guidelines-for-Bayanihan-2-for-Higher-Education-Tulong-Program-B2HELP.pdf,334223,3,true,false,downloaded
2021,2,"CMO No. 2 , Series of 2021",Guidelines on the Conduct of Clinical Internship of Speech Language Pathology Students during Pandemic Period,administrative_governance,https://legacy.ched.gov.ph/wp-content/uploads/CMO-No.-2-S.-2021-Guidelines-on-the-Conduct-of-Clinical-Internship-of-Speech-Language-Pathology-Students-during-Pandemic-Period.pdf,1851242,10,true,false,downloaded
2021,3,"CMO No. 3 , Series of 2021",Guidelines on the Conduct of Preclinical Courses and Clinical Dentistry Courses during the Pandemic Period,administrative_governance,https://legacy.ched.gov.ph/wp-content/uploads/CMO-No.-3-S.-2021-Guidelines-on-the-Conduct-of-Preclinical-Courses-and-Clinical-Dentistry-Courses-during-the-Pandemic-Period.pdf,1612102,10,true,false,downloaded
2021,4,"CMO No. 4 , Series of 2021",Guidelines on the Conduct of Clinical Internship of Bachelor of Science in Respiratory Therapy Interns during Pandemic Period,curriculum_program,https://legacy.ched.gov.ph/wp-content/uploads/CMO-No.-4-S-2021-Guidelines-on-the-Conduct-of-Clinical-Internship-of-Bachelor-of-Science-in-Respiratory-Therapy-Interns-during-Pandemic-Period.pdf,2264996,18,true,false,downloaded
2021,5,"CMO No. 5 , Series of 2021",Guidelines on the Conduct of Experiential Pharmacy Practice of Pharmacy Students during Pandemic Period,administrative_governance,https://legacy.ched.gov.ph/wp-content/uploads/CMO-No.-5-S-2021-Guidelines-on-the-Conduct-of-Experiential-Pharmacy-Practice-of-Pharmacy-Students-during-Pandemic-Period.pdf,1938024,10,true,false,downloaded
2021,6,"CMO No. 6 , Series of 2021",Policy and Guidelines on Anti-Smoking and Tobacco Control,administrative_governance,https://legacy.ched.gov.ph/wp-content/uploads/CMO-No.-6-Series-of-2021-–-Policy-and-Guidelines-on-Anti-Smoking-and-Tobacco-Control.pdf,1676105,7,true,false,downloaded
2021,7,CMO No. 7 series of 2021,"Extension of the Validity Period of Autonomous and Deregulated Status Granted to Private Higher Education Institutions from June 1, 2021 to May 31, 2023",curriculum_college,https://legacy.ched.gov.ph/wp-content/uploads/CMO-No.-7-series-of-2021-Extension-of-the-Validity-Period-of-Autonomous-and-Deregulated-Status-Granted-to-Private-Higher-Education-Institutions-from-June-1-2021-to-May-31-2023.pdf,766304,6,true,false,downloaded
2021,8,CMO No. 8 series of 2021,Guidelines on the Implementation of Flexible Delivery of Student Affairs and Services (SAS) Programs during the COVID-19 Pandemic,administrative_governance,https://legacy.ched.gov.ph/wp-content/uploads/CMO-No.-8-s.-2021.pdf,2662465,17,true,false,downloaded
2021,9,CMO No. 9 series of 2021,Revised Policies and Guidelines on the Conferment of Honorary Doctorate Degrees by Higher Education Institutions in the Philippines,curriculum_college,https://legacy.ched.gov.ph/wp-content/uploads/CMO-No.-9-S.-2021-Revised-Policies-and-Guidelines-on-the-Conferment-of-Honorary-Doctorate-Degrees-by-Higher-Education-Institutions-in-the-Philippines.pdf,1086537,6,true,false,downloaded
2021,10,CMO No. 10 series of 2021,Priority Programs for CHED Scholarship Programs (CSPs) Effective A.Y. 2021 – 2022,scholarship_student_services,https://legacy.ched.gov.ph/wp-content/uploads/CMO-No.-10-s.-2021.pdf,687664,4,true,false,downloaded
2021,11,CMO No. 11 series of 2021,"Amendments to Section 6 and 12 of CMO No. 8, series of 2019 entitled “Policies and Guidelines for CHED Scholarship Programs (CSPs)”",scholarship_student_services,https://legacy.ched.gov.ph/wp-content/uploads/CMO-No.-11-s.-2021-Amendments-to-Section-6-and-12-of-CMO-No.-8-series-of-2019.pdf,338189,2,true,false,downloaded
2021,12,CMO No. 12 series of 2021,Guidelines on the Conduct of Clinical Education of Radiologic Technology Students During the Pandemic Period,administrative_governance,https://legacy.ched.gov.ph/wp-content/uploads/CMO-12-s.-2021-Guidelines-on-the-Conduct-of-Clinical-Education-of-Radiologic-Technology-Students-During-the-Pandemic-Period.pdf,1675679,10,true,false,downloaded
2021,13,CMO No. 13 series of 2021,"Revised Policies, Standards, and Guideline for Associate in Computer Technology (ACT) Degree Program",curriculum_program,https://legacy.ched.gov.ph/wp-content/uploads/CMO-No.-13-S.-2021.pdf,3049604,18,true,false,downloaded
2021,14,CMO No. 14 series of 2021,Guidelines on the Conduct of Clinical Rotation of Post-graduate Interns During the Pandemic Period,administrative_governance,https://legacy.ched.gov.ph/wp-content/uploads/CMO-No.-14-series-of-2021-Guidelines-on-the-Conduct-of-Clinical-Rotation-of-Post-graduate-Interns-During-the-Pandemic-Period.pdf,2961498,16,true,false,downloaded
2021,15,CMO No. 15 series of 2021,Guidelines for the Support and Development of Medical Schools – Seed Fund for Medicine (Programang Punla sa Medisina),administrative_governance,https://legacy.ched.gov.ph/wp-content/uploads/CMO-No.-15-s.-2021-Guidelines-for-the-Development-of-Medical-Schools.pdf,1635025,8,true,false,downloaded
2021,16,CMO No. 16 series of 2021,"Revised Guidelines of CHED Memorandum Order (CMO) No. 06, series of 2020 for Full-Time SIKAP Grant Scholars",scholarship_student_services,https://legacy.ched.gov.ph/wp-content/uploads/CHED-Memorandum-Order-CMO-No.-16-series-of-2021.pdf,584933,17,true,false,downloaded
2021,17,CMO No. 17 series of 2021,Revised Guidelines for the CHED-Initiated Projects under the Institutional Development and Innovation Grant Program for Higher Education Institutions,curriculum_college,https://legacy.ched.gov.ph/wp-content/uploads/CMO-NO.-17-S.-2021.pdf,2348730,13,true,false,downloaded
2021,18,CMO No. 18 series of 2021,Guidelines on the Conduct of Practicum Activities for Bachelor of Science in Tourism Management (BSTM) and Bachelor of Science in Hospitality Management (BSHM),curriculum_program,https://legacy.ched.gov.ph/wp-content/uploads/CMO-NO.-18-S.-2021.pdf,2636482,11,true,false,downloaded
2021,19,CMO No. 19 series of 2021,"Guidelines on the Conduct of Critical Workshop and Laboratory, Thesis and Capstone Design and OJT Courses of Engineering and Engineering Technology Programs During the COVID-19 Pandemic Period",administrative_governance,https://legacy.ched.gov.ph/wp-content/uploads/CMO-NO.-19-S.-2021.pdf,10652154,51,true,false,downloaded
2021,20,CMO No. 20 series of 2021,Guidelines on the Implementation of Flexible Learning Options and Gradual Reopening of Campuses for limited Face-to-face Classes during the COVID-19 Pandemic Period for the Bachelor of Science in Marine Transportation (BSMT) and Bachelor of Science in Marine Engineering (BSMarE) Programs,curriculum_program,https://legacy.ched.gov.ph/wp-content/uploads/CMO-No.-20-s.-2021.pdf,5363918,31,true,false,downloaded
2021,21,CMO No. 21 series of 2021,"Revised Policies, Standards, and Guidelines for the Bachelor of Science in Naval Architecture and Marine Engineering (BSNAME) Program",curriculum_program,https://legacy.ched.gov.ph/wp-content/uploads/CMO-No.-21-s.-2021.pdf,13814074,85,true,false,downloaded
2021,22,CMO No. 22 series of 2021,Minimum Requirements for Libraries of Higher Education Institutions Common to All Programs,curriculum_college,https://legacy.ched.gov.ph/wp-content/uploads/CMO-No.-22-s.-2021.pdf,1793119,9,true,false,downloaded
2021,23,CMO No. 23 series of 2021,"Policies, Standards and Guidelines for the Bachelor of Science in Agriculture",curriculum_program,https://legacy.ched.gov.ph/wp-content/uploads/CMO-23-s.-2021.pdf,3503817,94,true,false,downloaded
2021,24,CMO No. 24 series of 2021,Implementing Guidelines for the CHED Tulong Agri Program (TAP),administrative_governance,https://legacy.ched.gov.ph/wp-content/uploads/CMO-No.-24-S.-2021.pdf,1776189,10,true,false,downloaded
2021,25,CMO No. 25 series of 2021,"Policies, Standards and Guidelines for the Bachelor of Science in Pharmacy Program",curriculum_program,https://legacy.ched.gov.ph/wp-content/uploads/CMO-No-25-series-2021-PSG-for-BS-Pharmacy.pdf,7417852,49,false,false,downloaded
2021,26,CMO No. 26 series of 2021,Guidelines for Grants and Proposal for CHED Community Sports and Wellness Program,administrative_governance,https://legacy.ched.gov.ph/wp-content/uploads/CMO-No.-26-s.-2021.pdf,1323128,8,true,false,downloaded
2021,27,CMO No. 27 series of 2021,Guidelines on the Conduct of Limited Face to Face Classes for Bachelor of Science in Tourism Management (BSTM) and Bachelor of Science in Hospitality Management (BSHM),curriculum_program,https://legacy.ched.gov.ph/wp-content/uploads/CMO-NO.-27-S.-2021.pdf,4181163,26,true,false,downloaded
2021,28,CMO No. 28 series of 2021,"Revised Guidelines of CHED Memorandum Order (CMO) No. 06, series of 2020 for Part-Time Study under the SIKAP Grant",scholarship_student_services,https://legacy.ched.gov.ph/wp-content/uploads/CMO-No.-28-s.-2021.pdf,3381955,20,true,false,downloaded
2021,29,CMO No. 29 series of 2021,"Enhanced Policies, Standards and Guidelines for the Implementation of the Expanded Tertiary Education Equivalency and Accreditation Program (ETEEAP) for Undergraduate Degree Programs",curriculum_program,https://legacy.ched.gov.ph/wp-content/uploads/CMO-No.-29-s.-2021.pdf,4905910,31,true,false,downloaded
2021,30,CMO No. 30 series of 2021,"Revised Policies, Standards, and Guidelines for Bachelor of Science in Customs Administration",curriculum_program,https://legacy.ched.gov.ph/wp-content/uploads/CMO-30-s.-2021.pdf,3973719,24,false,false,downloaded
2021,31,CMO No. 31 series of 2021,Guidelines on the Conduct of Laboratory-based Learning Experience (LBLE) in Limited Face-to-Face Set Up of Industrial Technology Program,administrative_governance,https://legacy.ched.gov.ph/wp-content/uploads/CMO-31-s.-2021.pdf,15876673,145,false,false,downloaded
2021,32,CMO No. 32 series of 2021,Monitoring Guidelines on the Implementation of Flexible Learning,administrative_governance,https://legacy.ched.gov.ph/wp-content/uploads/CMO-No.-32-s.-2021.pdf,669019,14,true,false,downloaded
2021,33,CMO No. 33 series of 2021,"Policies, Standards and Guidelines for the Bachelor of Science in Fisheries",curriculum_program,https://legacy.ched.gov.ph/wp-content/uploads/CMO-33.-series-of-2021.pdf,3503555,22,false,false,downloaded
2021,34,CMO No. 34 series of 2021,"Guidelines on the Conduct of Laboratory, Thesis and OJT/Practicum Courses of Bachelor of Science in Forestry Program during the COVID-19 Pandemic Period",curriculum_program,https://legacy.ched.gov.ph/wp-content/uploads/CMO-34-series-2021.pdf,1653942,10,false,false,downloaded
2021,35,CMO No. 35 series of 2021,"Guidelines for the Doctor of Optometry Program, Preclinical, Clinical and Community-Hospital Optometry (Internship) Courses during the Pandemic Period",curriculum_program,https://legacy.ched.gov.ph/wp-content/uploads/CMO-No-35-s.-2021.pdf,601784,16,true,false,downloaded
2021,36,CMO No. 36 series of 2021,"Guidelines on the Conduct of Practicum, Limited Face-to-Face Classes, and Thesis Requiring Laboratory Work during Pandemic Period and other similar Situations for BSC Nutrition and Dietetics Students",administrative_governance,https://legacy.ched.gov.ph/wp-content/uploads/CMO-No-36-s.-2021.pdf,467021,11,true,false,downloaded
2021,37,CMO No. 37 series of 2021,Supplemental Guidelines on the Conduct of Internship and Limited Face-to-Face Skills-based Classes for Physical Therapy Students during Pandemic Period,administrative_governance,https://legacy.ched.gov.ph/wp-content/uploads/CMO-No-37-s.-2021.pdf,484036,10,true,false,downloaded
2021,38,CMO No. 38 series of 2021,Guidelines on the Conduct of Veterinary Skills Development and Veterinary Clinical Internship of Doctor of Veterinary Medicine (DVM) Students during the Pandemic Period,curriculum_program,https://legacy.ched.gov.ph/wp-content/uploads/CMO-No.-38-s-2021.pdf,1942916,10,true,false,downloaded
2021,39,CMO No. 39 series of 2021,"Policies, Standards and Guidelines on the Implementation of Tertiary Physical Education: Physical Activity Towards Health and Fitness (PATHFIT) Courses",curriculum_program,https://legacy.ched.gov.ph/wp-content/uploads/CMO-No.-39-s-2021.pdf,2467748,14,true,false,downloaded
2021,40,CMO No. 40 series of 2021,Guidelines on the Implementation of Flexible Learning for Tertiary Physical Education: Physical Activity Towards Health and Fitness (PATHFIT) Courses,administrative_governance,https://legacy.ched.gov.ph/wp-content/uploads/CMO-No.-40-s.-2021.pdf,2963912,19,true,false,downloaded
2021,41,CMO No. 41 series of 2021,Guidelines for the Grant of Support for the Development of Learning and Teaching Resources for Higher Education Institutions,curriculum_college,https://legacy.ched.gov.ph/wp-content/uploads/CMO-No.-41-s.-2021.pdf,1663167,10,true,false,downloaded
2021,42,CMO No. 42 series of 2021,Suggested Guiding Principles and Practices on Peace Education / Studies for Higher Education Institutions,curriculum_college,https://legacy.ched.gov.ph/wp-content/uploads/CMO-No.-42-S.-2021.pdf,1264273,6,true,false,downloaded
2022,1,"CMO No. 1, Series of 2022","Supplemental Guidelines to CHED-DOH Joint Memorandum Circular (JMC) No. 2021-004, on the Additional Guidelines for the Operations of Limited Face-to-Face Classes of Higher Education Institutions (HEIs) in Areas Under Alert Level 1",curriculum_college,https://legacy.ched.gov.ph/wp-content/uploads/CMO-NO.-1-S.-2022.pdf,893296,5,true,false,downloaded
2022,2,"CMO No. 2, Series of 2022",Guidelines on the Implementation of Return to Collegiate Athletic Competitions (R-CAC) During the COVID-19 Pandemic,administrative_governance,https://legacy.ched.gov.ph/wp-content/uploads/CMO-No.-2-s.-2022.pdf,3289840,33,false,false,downloaded
2022,3,"CMO No. 3, Series of 2022",Guidelines on Gender-Based Sexual Harassment in Higher Education Institutions,curriculum_college,https://legacy.ched.gov.ph/wp-content/uploads/CMO-NO.-3-S.-2022-7.pdf,12441334,20,true,false,downloaded
2022,4,"CMO No. 4, Series of 2022",Guidelines on the Safety Seal Certification Program for higher Education Institutions (HEIs),curriculum_college,https://legacy.ched.gov.ph/wp-content/uploads/CMO-No.-4-s.-2022.pdf,3497917,15,true,false,downloaded
2022,5,"CMO No. 5, Series of 2022","Amendment to Article IV. H. of CHED-DOH JMC No. 2021-004 or the Guidelines on the Implementation of Limited Face-to-face Classes for All Programs of Higher Education Institutions (HEIs) in Areas under Alert Levels System for COVID-19 Response and Amendment of Article III.B., Item 12 of CHED Memorandum Order (CMO) No. 01, series of 2022",curriculum_college,https://legacy.ched.gov.ph/wp-content/uploads/CMO-No.-5-s.-2022.pdf,413655,2,true,false,downloaded
2022,6,"CMO No. 6, Series of 2022","Sustaining Flexible Learning in Higher Education: An Addendum to CMO No. 4, Series of 2022",administrative_governance,https://legacy.ched.gov.ph/wp-content/uploads/CMO-NO-.-6-S.-2022.pdf,869641,4,true,false,downloaded
2022,7,"CMO No. 7, Series of 2022","The 2022 Revised Implementing Rules and Regulations (IRR) of Republic Act (RA) No. 8292, Amending CHED Memorandum Order (CMO) No. 03, series of 2001: The 2001 Revised Implementing Rules and Regulations of RA No. 8292, The “Higher Education Modernization Act of 1997”",administrative_governance,https://legacy.ched.gov.ph/wp-content/uploads/CMO-NO.-7-S.-2022.pdf,15852231,31,false,false,downloaded
2022,8,"CMO No. 8, Series of 2022",Guidelines on the Tertiary Sports Development Program (TSDP),administrative_governance,https://legacy.ched.gov.ph/wp-content/uploads/CHED-Memorandum-Order-CMO-No.-8-series-of-2022-Guidelines-on-the-Tertiary-Sports-Development-Program.pdf,3779776,8,true,false,downloaded
2022,9,"CMO No. 9, Series of 2022",Updated Guidelines on the Implementation of Face-to-face Classes to Prevent and Mitigate COVID-19 Infections in Higher Education,administrative_governance,https://legacy.ched.gov.ph/wp-content/uploads/CHED-Memorandum-Order-9-series-2022.pdf,4714333,17,true,false,downloaded
2022,10,"CMO No. 10, Series of 2022",Implementing Guidelines for CHED Scholarship Program for Future Statisticians (ESTATISKOLOAR),scholarship_student_services,https://legacy.ched.gov.ph/wp-content/uploads/CMO-NO.-10-S.-2022.pdf,10598555,23,true,false,downloaded
2022,11,"CMO No. 11, Series of 2022",Guidelines for the Support and Development of Higher Education Institutions (HEIs) Offering Tourism Management and Hospitality Management Programs through the “Step-Up” Project,curriculum_college,https://legacy.ched.gov.ph/wp-content/uploads/CMO-11-series-2022.pdf,4333482,7,false,false,downloaded
2022,12,"CMO No. 12, Series of 2022",Moratorium on the Opening of New Bachelor of Science in Marine Transportation and Bachelor of Science in Marine Engineering Programs,curriculum_program,https://legacy.ched.gov.ph/wp-content/uploads/CMO-No.-12-S.-2022.pdf,495800,2,true,false,downloaded
2022,13,"CMO No. 13, Series of 2022","Amendments to Article 1, Section b, Item #2 of CMO No. 31, Series of 2009 Entitled “Guidelines for the Implementation and Support for National Universities and Colleges for Agriculture and Fisheries (NUCAFAs) and Provincial Institutes of Agriculture and Fisheries (PIAFs)”",administrative_governance,https://legacy.ched.gov.ph/wp-content/uploads/CMO-13-2022.pdf,1837342,1,true,false,downloaded
2022,14,"CMO No. 14, Series of 2022",Foreign Scholarships Training Program (FSTP) for Civilian and Military Officials Administered by the Commission on Higher Education (CHED) Pursuant to the 2021 General Appropriations Act,scholarship_student_services,https://legacy.ched.gov.ph/wp-content/uploads/CMO-14-S.-2022.pdf,1477833,6,true,false,downloaded
2022,15,"CMO No. 15, Series of 2022","Guidelines for the Implementation of RA 11393, “Advanced Energy and Green Building Technologies Curriculum Act”",administrative_governance,https://legacy.ched.gov.ph/wp-content/uploads/CMO-NO.-15-S.-2022.pdf,1944467,8,true,false,downloaded
2022,16,"CMO No. 16, Series of 2022",Updates on Onsite Learning in Higher Education,administrative_governance,https://legacy.ched.gov.ph/wp-content/uploads/CMO-16-2022.pdf,3650669,5,false,false,downloaded
2022,17,"CMO No. 17, Series of 2022",Policy on Quality and Quality Assurance for Philippine Higher Education Institution,curriculum_college,https://legacy.ched.gov.ph/wp-content/uploads/CMO-NO.-17-S.-2022.pdf,2439210,9,true,false,downloaded
2022,18,"CMO No. 18, Series of 2022","Policies, Standards and Guidelines on the Grant of Institutional Recognition as a Higher Education Institution to Local Universities and Colleges (LUCs)",curriculum_program,https://legacy.ched.gov.ph/wp-content/uploads/CMO-No.-18-S.-2022.pdf,55853290,33,false,false,downloaded
2022,19,"CMO No. 19, Series of 2022",Guidelines on the Lifting of Moratorium on the Offering of New Bachelor of Science in Nursing (BSN) Program,curriculum_program,https://legacy.ched.gov.ph/wp-content/uploads/CMO-No.-19-S.-2022.pdf,981895,4,true,false,downloaded
2023,1,"CMO No. 1, Series of 2023","Amendment to Article IV.E of CMO No. 09, S. 2022 on Local Off-Campus Activities",administrative_governance,https://legacy.ched.gov.ph/wp-content/uploads/CMO-NO.-1-S.-2023.pdf,739417,1,true,false,downloaded
2023,3,"CMO No. 3, Series of 2023","Policies, Standards, and Guidelines for the Bachelor of Science in Midwifery Program (BSM)",curriculum_program,https://legacy.ched.gov.ph/wp-content/uploads/CMO-No.-03-s.-2023.pdf,23750540,61,true,false,downloaded
2023,4,"CMO No. 4, Series of 2023",Updated Guidelines on Onsite Learning in Higher Education,administrative_governance,https://legacy.ched.gov.ph/wp-content/uploads/CMO-No.-4-s.-2023.pdf,1486582,3,true,false,downloaded
2023,5,"CMO No. 5, Series of 2023",Revised Procedures in the Processing of Applications for Government Authority to Operate Undergraduate and Graduate Degrees in Engineering,administrative_governance,https://legacy.ched.gov.ph/wp-content/uploads/CMO-No.-5-series-of-2023.pdf,1187019,4,true,false,downloaded
2023,6,"CMO No. 6, Series of 2023",Policies and Guidelines for the Grant of Autonomous  and Deregulated Status to Private Higher Education Institutions,curriculum_college,https://legacy.ched.gov.ph/wp-content/uploads/CMO-No.-06-S.-2023.pdf,17397079,40,true,false,downloaded
2023,7,"CMO No. 7, Series of 2023",List of Identified Priority Programs for CHED Merit Scholarship Program (CMSP) for Academic Years (AY) 2023-2024 to 2027-2028,scholarship_student_services,https://legacy.ched.gov.ph/wp-content/uploads/CMO-NO.-7-S.-2023.pdf,2176411,5,true,false,downloaded
2023,8,"CMO No. 8, Series of 2023",Guidelines on the Student Monetary Assistance for Recovery and Transition (SMART) Program,administrative_governance,https://legacy.ched.gov.ph/wp-content/uploads/CMO-NO.-8-S.-2023.pdf,4319164,11,true,false,downloaded
2023,9,"CMO No. 9, Series of 2023",Revised Policies and Guidelines on the Issuance of Certificate of Program  Compliance (COPC) to State Universities and Colleges (SUCs) and Local Universities and Colleges (LUCs),curriculum_college,https://legacy.ched.gov.ph/wp-content/uploads/CMO-No.-09-S.-2023.pdf.pdf,15948300,7,true,false,downloaded
2023,10,"CMO No. 10, Series of 2023","Enhanced Policies, Standards and Guidelines (PSGs) on Student Internship Abroad Program (SIAP)",curriculum_program,https://legacy.ched.gov.ph/wp-content/uploads/CMO-No.-10-S.-2023.pdf,18924205,37,true,false,downloaded
2023,11,"CMO No. 11, Series of 2023",Accelerated Pathway for Medicine (APMed) Program: A Pilot Implementation for Development of Future-Ready Physicians,administrative_governance,https://legacy.ched.gov.ph/wp-content/uploads/CMO-NO.-11-S.-2023.pdf.pdf,19132154,6,true,false,downloaded
2023,12,"CMO No. 12, Series of 2023",Supplemental Policies and Guidelines for the Grant of Autonomous and Deregulated Status to Private Higher Education Institutions,curriculum_college,https://legacy.ched.gov.ph/wp-content/uploads/CMO-12-s-2023_Supplemental-Policies-and-Guidelines-for-the-grant-of-AD-status-to-private-HEIs.pdf,21886250,5,false,false,downloaded
2023,13,"CMO No. 13, Series of 2023","Policies, Standards, and Guidelines for the Bachelor of Industrial Technology (BIndTech) Program",curriculum_program,https://legacy.ched.gov.ph/wp-content/uploads/CMO-No.-13-S.-2023-BInd-Tech.pdf,62214640,161,true,false,downloaded
2023,14,"CMO No. 14, Series of 2023","Amended CHED Memorandum Order (CMO) No. 8, Series of 2023 Entitled “Guidelines on the Student Monetary Assistance for Recovery and Transition (SMART) Program”",administrative_governance,https://legacy.ched.gov.ph/wp-content/uploads/CMO-14-s.-2023-SMART_SGD.pdf,2565737,8,true,false,downloaded
2023,15,"CMO No. 15, Series of 2023",Guidelines and Policies of Continuing Professional Development Studies Grant (CPDSG),administrative_governance,https://legacy.ched.gov.ph/wp-content/uploads/CMO-No.-15-S.-2023_Guidelines-and-Policies-of-Continuing-Professional-Development-Studies-Grant-CPDSG.pdf,8620286,19,true,false,downloaded
2023,16,"CMO No. 16, Series of 2023","Amendment to CMO No. 15, Series of 2021 Entitled “Guidelines for the Support and Development of Medical Schools – Seed Fund for Medicine (Programang Punla sa Medisina)”",administrative_governance,https://legacy.ched.gov.ph/wp-content/uploads/CMO-NO.-16-S.-2023.pdf,1538626,4,true,false,downloaded
2023,17,"CMO No. 17, Series of 2023",Operational Guidelines on the Implementation of the Scholarship Program for Coconut Farmers and their Families (CoScho) for Participating Higher Education Institutions,curriculum_college,https://legacy.ched.gov.ph/wp-content/uploads/CMO-No.-17-S.-2023-Operational-Guidelines-on-the-Implementation-of-the-Scholarship-Program-for-Coconut-Farmers-and-their-Families-for-Higher-Education-Institution.pdf,2099543,5,true,false,downloaded
2024,1,"CMO No 1, series of 2024","Policies, Standards, and Guidelines for BS Public Health Major in Population Track and BS Public Health Major in Clinical Track Program",curriculum_program,https://legacy.ched.gov.ph/wp-content/uploads/CMO-NO.-1-S-2024-PSG-for-BS-Public-Health-Population-Track-and-Clinical-Track.pdf,15806560,37,true,false,downloaded
2024,2,"CMO No 2, series of 2024",Policies and Guidelines in the Nursing Review Program for the Clinical Care Associates (CCAs) per DOH-CHED Joint Administrative Order No. 2023-0001,administrative_governance,https://legacy.ched.gov.ph/wp-content/uploads/CMO-NO.-2-S.-2024-Special-Nursing-Review-Program-CCAs.pdf,6638597,14,true,false,downloaded
2024,3,"CMO No 3, series of 2024","Policies, Standards and Guidelines (PSG) for the Bachelor of Science in Meteorology (BS Met)",curriculum_program,https://legacy.ched.gov.ph/wp-content/uploads/CMO-NO.-3-S.-2024-PSG-for-BS-Meteorology-1.pdf,6976735,63,true,false,downloaded
2024,4,"CMO No 4, series of 2024","Amendments to the Specific Provisions of CMO No. 10, series of 2022 Entitled “Implementing Guidelines for CHED Scholarship for Future Statisticians (ESTATISKOLAR)”",scholarship_student_services,https://legacy.ched.gov.ph/wp-content/uploads/CMO-No.-4-s.-2024.pdf,1521832,2,true,false,downloaded
2024,5,"CMO No 5, series of 2024","Policies, Standards, and Guidelines (PSG) for Master in Nursing Education (MNE)",curriculum_program,https://legacy.ched.gov.ph/wp-content/uploads/CMO-NO.-5-S.-2024-PSG-Master-in-Nursing-Education.pdf,8355798,16,true,false,downloaded
2024,7,"CMO No 7, series of 2024",Grant of Autonomous and Deregulated Status by Evaluation to Private Higher Education Institutions,curriculum_college,https://legacy.ched.gov.ph/wp-content/uploads/CMO-NO.-7-S.-2024.pdf,1211867,6,true,false,downloaded
2024,8,"CMO No 8, series of 2024","Policies, Standards and Guidelines for Graduate Programs in Women and Gender Studies: Master of Arts in Women and Gender Studies (Academic Track) and Master in Women and Gender Studies ( Professional Track)",curriculum_program,https://legacy.ched.gov.ph/wp-content/uploads/CMO-No.-08-S.-2024-GENDER.pdf,3892860,21,true,false,downloaded
2024,9,"CMO NO. 9, series of 2024","Amendment to CMO No. 11, Series of 2022 Entitled “Guidelines for the Support and Development of Higher Education Institutions (HEIs) Offering Tourism Management and Hospitality Management (HM) Programs through the Sustainable Tourism Education Program – Upgrading Project (STEP-UP)",curriculum_college,https://legacy.ched.gov.ph/wp-content/uploads/CMO_NO_9_S_2024_Amendment_to_CMO_11_s_2022_STEP_UP_Guidelines.pdf,359414,2,true,false,downloaded
2024,10,"CMO NO. 10, Series of 2024","Implementing Guidelines of Section 25 of CMO NOs. 74, 75, 76, 77, 78, 79, 80 and 82, Series of 2017",administrative_governance,https://legacy.ched.gov.ph/wp-content/uploads/CMO-No.-10-s.-2024.pdf,958768,5,true,false,downloaded
2024,11,"CMO NO. 11, series of 2024",Implementing Guidelines of the Scholarship Program for Future Medical Technologists and Pharmacists (MTP-SP),scholarship_student_services,https://legacy.ched.gov.ph/wp-content/uploads/CMO-NO.-11-S.-2024.pdf,7821868,41,true,false,downloaded
2024,13,"CMO NO. 13, series of 2024","Policies, Standards and Guidelines (PSG) for the Bachelor of Science in Physics (BS Physics) and Bachelor of Science in Applied Physics (BS Applied Physics) Program",curriculum_program,https://legacy.ched.gov.ph/wp-content/uploads/CMO-NO.-13-S.-2024-PSG-BS-PHYSICS-AND-BS-APPLIED-PHYSICS.pdf,10227283,61,true,false,downloaded
2025,1,"CMO No. 1, series of 2025","Guidelines for Micro-Credential Development, Approval, and Recognition in Higher Education",administrative_governance,https://legacy.ched.gov.ph/wp-content/uploads/CMO-No.-1-s.-2025.pdf,11489879,26,true,false,downloaded
2025,2,"CMO No. 2, series of 2025",Updated List of Private Higher Education Institutions Granted Autonomous and Deregulated Status by Evaluation,curriculum_college,https://legacy.ched.gov.ph/wp-content/uploads/CMO-NO.-02-S.-2025.pdf,4451947,7,true,false,downloaded
2025,3,"CMO No. 3, series of 2025",Updated Guidelines for Securing Authority to Travel Abroad for State Universities and Colleges (SUCs),curriculum_college,https://legacy.ched.gov.ph/wp-content/uploads/CMO-No.-3-series-of-2025-Updated-Guidelines-for-Securing-Authority-to-Travel-Abroad-for-State-Universities-and-Colleges-SUCs.pdf,5465483,11,true,false,downloaded
2025,4,"CMO No. 4, series of 2025","Revised Policies, Standards and Guidelines for Associate in Radiologictechnology Education (ART) Program",curriculum_program,https://legacy.ched.gov.ph/wp-content/uploads/CMO-NO.-4-S.-2025.pdf,33052944,78,true,false,downloaded
2025,5,"CMO No. 5, series of 2025",Guidelines for the Accreditation of Hospitals and Primary Health Care Facilities for the Clinical Practice of Radiologic/X-RAY Technology Interns,administrative_governance,https://legacy.ched.gov.ph/wp-content/uploads/CMO-NO.-5-S.-2025.pdf,5851249,12,true,false,downloaded
2025,6,"CMO No. 6, series of 2025",Application Process for Authority to Offer Transnational Higher Education Pursuant to Republic Act No. 11448 or The Transnational Higher Education Act,administrative_governance,https://legacy.ched.gov.ph/wp-content/uploads/CMO-NO.-6-S.-2025.pdf,2817377,4,true,false,downloaded
2025,7,"CMO No. 7, series of 2025","Policies, Standards and Guidelines for the Implementation of the National Merchant Marine Aptitude Test (NaMMAT)",curriculum_program,https://legacy.ched.gov.ph/wp-content/uploads/CMO-No.-7-series-of-2025-–-Policies-Standards-and-Guidelines-for-the-Implementation-of-the-National-Merchant-Marine-Aptitude-Test-NaMMAT.pdf,1193003,7,true,false,downloaded
2025,9,"CMO No. 9, series of 2025",Updated Guidelines for the Scholarships for Staff and Instructors’ Knowledge Advancement Program (SIKAP) for Full-Time and Part-Time Study,scholarship_student_services,https://legacy.ched.gov.ph/wp-content/uploads/UPDATED_CMO_NO_9_S_2025_Updated_Guidelines_for_SIKAP.pdf,5987811,35,true,false,downloaded
2025,10,"CMO No. 10, series of 2025",Policies and Standards on Centers of Excellence (COE),curriculum_college,https://legacy.ched.gov.ph/wp-content/uploads/CMO-No.-10-s.-2025-Final.pdf,1376113,8,true,false,downloaded
2025,11,"CMO No. 11, series of 2025","Implementing Rules and Regulations of Republic Act No. 12124, “An Act Institutionalizing the Expanded Tertiary Education Equivalency and Accreditation Program (ETEEAP) and Providing Funds Therefor”",administrative_governance,https://legacy.ched.gov.ph/wp-content/uploads/CMO-No.-11-S.-2025.pdf,2553307,13,true,false,downloaded
2025,12,"CMO No. 12, series of 2025",Policies and Guidelines on Open Distance and e-Learning (ODeL),administrative_governance,https://legacy.ched.gov.ph/wp-content/uploads/CMO-No.-12-s.2025-ODeL-Complete.pdf,4527630,33,true,false,downloaded
2025,13,"CMO No. 13, series of 2025",Revised Policies and Guidelines for the CHED Merit Scholarship Program (CMSP),scholarship_student_services,https://legacy.ched.gov.ph/wp-content/uploads/CMO-No.-13-S.-2025-Revised-CMSP-guidelines.pdf,13732713,38,true,false,downloaded
2025,14,"CMO No. 14, series of 2025",Revised Implementing Guidelines for the CHED Scholarship Program for Future Statisticians (ESTATISKOLAR),scholarship_student_services,https://legacy.ched.gov.ph/wp-content/uploads/CMO-No.-14-S.-2025-Revised-Estatistikolar-guidelines.pdf,13883433,38,true,false,downloaded
2025,15,"CMO No. 15, series of 2025",Updated Policies and Guidelines for the Grant of Autonomous and Deregulated Status to Private Higher Education Institutions,curriculum_college,https://legacy.ched.gov.ph/wp-content/uploads/CMO-No.-15-s.-2025.pdf,7787589,40,false,false,downloaded
2025,16,"CMO No. 16, series of 2025","Policies, Standards, and Guidelines for the Bachelor of Science in Manufacturing Engineering (BSMfgE) Program Effective Academic Year 2026-2027",curriculum_program,https://legacy.ched.gov.ph/wp-content/uploads/CMO-16-Series-2025.pdf,16799382,106,false,false,downloaded
2025,18,"CMO No. 18, series of 2025","Revised Guidelines and Instruments for Client Satisfaction Survey of Extension Projects in State Universities and Colleges (SUCs) Pursuant to DBM-CHED Joint Circular No. 3, series of 2022",curriculum_college,https://legacy.ched.gov.ph/wp-content/uploads/CMO-NO.-18-S.-2025-Revised-Guidelines-and-Instruments-for-Client-Satisfaction-Survey-of-Extension-Projects-in-SUCs-ver2.pdf,3199862,19,true,false,downloaded
2025,19,"CMO No. 19, series of 2025","Revised Guidelines and Instruments for Evaluating Faculty Teaching Effectiveness in State Universities and Colleges (SUCS) Pursuant to DBM-CHED Joint Circular No. 3, series of 2022",curriculum_college,https://legacy.ched.gov.ph/wp-content/uploads/CMO-NO.-19-S.-2025.pdf,2706833,19,true,false,downloaded
2025,20,"CMO No. 20, series of 2025",Policies and Guidelines for the Bachelor of Engineering Technology (BET) Program,curriculum_program,https://legacy.ched.gov.ph/wp-content/uploads/CMO-NO.-20-S.-2025.pdf,44365389,565,true,false,downloaded
2025,21,"CMO No. 21, series of 2025","Amendment to CHED Memorandum Order No. 15, Series of 2019 on Policies, Standards, and Guidelines for Graduate Programs",curriculum_program,https://legacy.ched.gov.ph/wp-content/uploads/CMO-No.-21-S.-2025.pdf,2266638,7,true,false,downloaded
2025,22,"CMO No. 22, series of 2025",Guidelines for the Support and Development of Higher Education Institutions (HEIs) for the Opening and Existing Bachelor of Science in Radiologic Technology Program – Project SIBOL for Radiologic Technology Program,curriculum_program,https://legacy.ched.gov.ph/wp-content/uploads/CMO-NO.-22-S.-2025.pdf,8736778,18,true,false,downloaded
2026,1,"CMO No. 1, series of 2026",Conditional Lifting of Moratorium on the Opening of Undergraduate Teacher Education Programs and Declaration of Moratorium on Graduate Teacher Education Programs Effective Academic Year 2026-2027,administrative_governance,https://legacy.ched.gov.ph/wp-content/uploads/CMO-No.-01-s.-of-2026.pdf,12593114,6,true,false,downloaded
2026,2,"CMO No. 2, series of 2026","Guidelines on the Sustainable Development Goals-Focused Research, Development, and Innovation Grants (SDG-RDIG) Program",administrative_governance,https://legacy.ched.gov.ph/wp-content/uploads/CMO-NO.-2-S.-2026.pdf,3781902,22,true,false,downloaded
